region,tier,division,summonerId,puuid
euw1,GOLD,I,rXYy9n_5iwCUzet0USCMPuHKIZjv-0xhNorjIM6A04JAEy__,hI7-lmr2axBDMyCa7i0xsgz5lrI4D_2xqgf7MjHFckRguTIb5lGLcPUZnjsgdu3nF1vmHGOkzTNVsw
euw1,GOLD,I,Jm19RZUHEvqymuO9JhFcQZMflgG9fzBoJ9X6lPgTbV_tnc4s,pz_ZwKoE-fCKwVAbJMsqgcjJCLSx-U4wf--XqUN_QnVvA_0Fyc5USt8Hxbif8kjxq9nwdO6WmAnWwg
euw1,GOLD,I,jj6ucVvnzlRWNZ1eBJcE0RdVUAiB0cAlWvRjEcC_uy2PCs99,-aiIZl3cfMSD-fwWsMyChKZPhQcQIbEEJTJF1wup-3qhD9-udrtbabfz7EMHgPXOpebgwWVMqKspaA
euw1,GOLD,I,Nv8r4Vhw_lDwHP70-_VCFuCCceCcL8-cZzagJ28ihYSSZchF,MJBbszjSZ07hpeYvvkMrAz6NEM0vN4TVI7-ZLFEBOSgNzJ6LNL5Tb0k1V3NyVNfKeGag7WBiGLsGwA
euw1,GOLD,I,Xp_aZeHV44wMT_ECt84MWKj49It-tr7Ryl4GSkHEgKYfABnW,uWk0MDacmzXohFGQvIDGHXPSrwzGmx7km3fU1AgwXoJweLG6wDfeIKaoP4ek2H1_mw0iMZ5rdtmHfg
euw1,GOLD,I,-647P00RyqoU4OVjz8yd4N-pOZ-gjvofHTwDRqr3Nlp3vB5n,327TobizWAPmhVq80wzeRwAdkchQy4EDCbaZoYDPrI_-D7RFLg9He7co0m5zg2SBRr4yoVxpRkbetw
euw1,GOLD,I,HtM9BbbE5tg1nY5o6WGjg4GBJvESkfopWTSPhBPereHPU99O,p1_KMHG0iQqDCOYvSZpBTcvPEe5Qkw0Se1qcRAgj5xol740jNgHQfjr4dhe7MqA-hw7icRoKOLL_jA
euw1,GOLD,I,OqS624BWjHzdi42KoCNoIgoLFjpg06y_g_Dijsv4vpVPHAWW,JuyE5EMzVCGbw1GA3Vv95312ieIzIyIp4inKrjqPquI-jYNaAt_FntOW4tdLkhh2FdCyO6ltcQh7DQ
euw1,GOLD,I,oD02YQ1yGpNBbu3vNs8Mvvd3zKZUuGq3Ah87vchmUDszuZzM,G164fFGmNvbPjYHkM1Nfj0T1ycjlGzgTr-It5Hj1UdWljQ3A_xGs2Uukguv9mxlbMRrLgccxZBaAZQ
euw1,GOLD,I,H8-4nIB_Jr42sAcakvp6t0MiCZ8U_TkbLocvaguzXVVrJ2z5,xJG5DBtwg_ihl4bgPwE1me4VHjl16AzZ04CwtzSJ_zNoy-LTWyzt-RKydaZ1xHKVgjyRt4MMnqm-Vg
euw1,GOLD,I,JzB0DxhJqRtQLD_LdjLSjTaya43NRNE0pU6k0k4C4NoUQlQm,s9mGZ60g1z36mwZJOX5lrO-EftPFExYo8n4JtHTG932uhdcgyNSo92FBi_euJP99tM1jJkb6usgvhw
euw1,GOLD,I,oyuXMFXo6nim9QJKMQB6UY63N8XXTopCoFP8BLU93xu33rK6,OAUawpMoz1vJqseIu2OqnG49RFbH1PokjWg-ykNL8fJ6bRKbPnkoY0_185jAiqWEe0jU5_3p8_dcFg
euw1,GOLD,I,54Gmj7_GV6hmFG1QmCO6LYLdlopZaD6pk8MV48CaAhZuxM8P,yTx_8Ayz17POK5DVei3TZrPR173xWjyAdC9zufJ6pUiyYpK5P01Z48WzXKlCMi9t9ZHT4DlPXc_Kbw
euw1,GOLD,I,E151y8LM3hhuFzgilQ2NAW5SAZEIwKxkLrAhR6jL-x3sc7HP,rP5jMwUZLxLh2gGDKqZB4V_NGAeytcVE1lGxlD7TenCaAa0oV-UpzO0NJq3c3cSmfwbpaxjxhWvA5A
euw1,GOLD,I,OlK-9ZbHyzUiDozVHHcdixM8tqPY7B8PYa09Dj9wdYnKRI3N,kQFqslPGhgxCeLCrTbkv5FNrLQAumSQSrOB8UR79aWC3HeSLNx3drVPeuPUOCirr2Ge64Y_wqX29HA
euw1,GOLD,I,-Xglst_SbRoqK4aeb5pzsafxCoBI3NR9NBs6KirZrmFHYONh,UAeAxKm15qCsBCAvkGigl6xTyCpJsoMt743aKMmtYKKABdXlF3ALXwv2Jh-HnSQr267tPUS5Cfkw1Q
euw1,GOLD,I,nJ8EY27jNmL3By45qEsYAHFabsH_FtiTyPRbgCpotsaseCEZ,StLhcOUwO07x8BVSHpGqWVkQnN5iVktkFge9MKVE0ZIolboBFo0nKj-m28B4iQHtK4vA652KT4BVxA
euw1,GOLD,I,LlBVAFp3adGSQpW0N3j6fvnnRQGTV2TRT4Il0fCK0Biu0SJW,7KGMbOgT2tL-EYJ77UCTuJ42VlRVJwhT0ELTeqy-8pEQT0CqFGcoKUf4lqaVm7umzvQ1Fgwb5yEiww
euw1,GOLD,I,07-4Pk2x5KXx5-ulsEHQ48By9ET8EA1AxBn2W9kRF0XBDh1U,EudKM28ZfVyac3Q62t2ZJrWdV8vuFprdAiNtz70L-emGiuoUmNPjYjcEExU1h-0w2LmT6DA4jPLcaQ
euw1,GOLD,I,b-WE_iUJAKeZb5TnCQmvu8NgKOiEWF0YbbRzyZ5L-RmnFU2h,J0LOqU9OfBeW-LJCP0mjrbzkTwkTyY8B-m5a7kazKxWehxuAUnvvfRoHTadp7Y-byGaWN7I4TX6i8Q
euw1,GOLD,II,0vCOHFnhjQa9_HgFu75yiPloBRzQZM9v-CDDm9AdVTohl0os,gkbxW32HgbvzXX4DZ-6fT2gD30Lm-hJzLc9lS9cD2VoLbbjstT51qWrSpOS12vwQ91QXXuWZBNBs0w
euw1,GOLD,III,38Szc794ObnZyXKR1iCYA-os3gGax_Bp1RTUv44llNeqWEh9,QNG0y5QISy1e30S9cy4kL5VOn4Z4cNV4BADpGAjWy_HWmi8iX2dXiP1ToW_xPCU8FuewzdZ2VjlbMw
euw1,GOLD,IV,Tx-8wP-4T9y5OKVpvsCkn6q1dAGORTUXntdNY1hIypkY8G6w,OMtba9u-dGGlbXII-I7G5LND63XKK-rk_2jh9cXCqwDnctL7bVu5hrmbDqWauPQyIOR1joTAhQtv_w
euw1,PLATINUM,I,BWtkghP2qsbEvW3I1tRld_BaCsHGV9vqGpMGdc6AjlHN6l_k,E6N82-Vc6anXyhyKa8Vw-y__s7cb3FSzI7wIenYWrclVsF6qVKxdFnlAZdfCd0vCIfI1K5gAbWY7Pg
euw1,PLATINUM,I,F2aT0q-iY66IRUVOrJi2XpfW3vxQbGrgfWxpkS3p_AaZPRA5,SZm-cE-kwS725u5kVzDGjFAapvuCpb6H7hWu8ZhrqUAwgFrkKr2LyCY5p2ETn_k2St9b2dTrZFRgMg
euw1,PLATINUM,I,AzuxBq2hAbWA1WbOHi9D3Tmi9DRMNHWROSeFvZ02kuSov9C5,K09c4yS4CzejTowbiIPYjIIbefOiLmxeQqYNm2BHAxr34xjeOod56h67AX99PQmzBR4uOKJatuyzow
euw1,PLATINUM,I,Br5tGFRM9cBnxEGztglm1yczhJIRICy57E0k7yvnOA7gIoRC,yBGWjPXcADmNzJJWbBdhSsRTi7SVRaUS-EY9Azud8kVs2xrJMEU1KmC4WotaXwPaMGmn1MDm4tjLFw
euw1,PLATINUM,I,AJGIF5sALRsggCNs0AiHWQBtrgaUIm1wpwJv-wCwMh1RU7ZK,SBPMohU8aewjoh3DRr99pftnObGeApnB4UsPbADueOuZoACD1-CltowOlNReGdIeRiVNRu8K-nliBA
euw1,PLATINUM,I,MpdQvVthsOBSowOJVUgwLiP2PLUD1qZVUKDF7IozuffHxdf3,AtCTilTxvVPQ_L_x1lYEX_mBo8E_WZwY7njddnHHQIpjEfiSkUx8WYS6jYKez7BqCu5nT_9Lq7l6hQ
euw1,PLATINUM,I,axaWYZwGC0rhrmS8TIHLfa73QEHy77BjGPNtLM43cHHPK5C9,XD1SN9eLx_6oPNsgSU4aptKHD3m9KQG_zq9cw7INpoRX9YOisbVV4fD69num5xkbVFFev1qrFfeR9A
euw1,PLATINUM,I,0VqRsgif0rvaeV0tL93HiuyJqDCpy9wxVcSsx1ch_MKS5Bkm,1ZJa9hoxXQABmQlnrx6WU_EgdtqYHHVAiQFFeaJZrzZGFvymBtOQU_9d7c2JIXmyAlkFOlrQI-gfoQ
euw1,PLATINUM,I,w4Z_-4_Vy1aLp-CiSNtTbvfEt83r_7iJ0Txmf2GiRDOcgzcU,0mGK-AMXuB_XCiTDIs9v-DCTYmP7L22DKm5ZZCfAtGKYICm1wxt3h0w0Mk1-XkX4X5HTPS5XvqcNhQ
euw1,PLATINUM,I,YmBHxmmqHLrmaESXwo9aYhnIVn3GmAnYjZByb5wTIHeIvGG0,GQacPdBSPxKxv-tFrIhUyBe8FLzHDObhPdlS5VdWbmOwoBJXeo71z8a6f8Go4Nbhf8hoD0RL66sl3g
euw1,PLATINUM,I,-YpELxSwz-_V0cVcji8_Z8QKj-rk0ptGAROa3hGH4uJcO_Wq,B32HRzhy83OWfGODNoxpxT0fMELkk3I5lMulevhfXAmYAzeNj3xJAlW1WASLPTlnGd3sUbGp54gGLA
euw1,PLATINUM,I,Os3SIwLpSBapPlGuQEQSAEJb3Ki-ftqWIrXrvjK-U3VEVJ5L,bVcoQPcSyDYs7Nwwdgua7ihB9O3ZRdPSRPfx2DH7qJSZaNUpOs4wX5RmUYeQ9Qhx0FFfXe5CZe3lXg
euw1,PLATINUM,I,2oCRgfn1mEQoZpgG4bDputa5OVM0GtFoVag3Zc-l8dgtEpnh,olzNhcEEwsopbsxC2t2Ahto4aWsZmxmSUp9hQJdVIzyok0b2JUMnofZZxbT486_l57MTUQtb2dsqaw
euw1,PLATINUM,I,ozW8w6c8zB8gsR50N1otlQ3xxN-GXefC-NL-FTbL_xoAU2TR,7DI7sjKAdW_X_Yl6jTg2oCRJgmsSsaQO-ua_SwQ1CFo4Xos7wInlo8JNg2ViDxIYeOXpMMWqQbvhtA
euw1,PLATINUM,I,u2ZZwnKLZHvUuZL_KoMsa7wVAdSxun6TtNoiJu2KJA1dYJa5,8L9tp9IJS_oqwaVhXIVGNI5OnYa7j4wAEIQFPUBTEMBlh2m8HUFnuAdyZTYfmFaCfaFTMMI2SbZ8uA
euw1,PLATINUM,I,zvtGSpLm7nNwrKmQAFHfAol6sXlQt44ZqTeIrj1x42s8POJj,3gVMtpLkEL0ZkQdddbDLKzOYk7VByGEizLA-NaupIN_HIvoQoUlfwu4cXRDBh2o93jwXMc9dqV1D0g
euw1,PLATINUM,I,vqgDiv25h9hyzGvjnQoFYD3PUSJG08HcfurLkrUfSKjpndCk,v5OcOar952LRDSMq2DMj9DNVnnNliaY9SBhsYZ7z6ZkoSY0BIjkiD_ZOFAzJ_M0ghIFfCanK5XS-zA
euw1,PLATINUM,I,xCM4LgxFz307cvYJ3rHJZtzCXoDHtuoaG0hOB-LpTddthOK0,9mGOEcTJ3rmpocLJL6-s0uXbjXkY62HW9ipi7sqSBJn2FeLd-IuKs0KumaCwjm52fu2d5JIeMiLW7A
euw1,PLATINUM,I,WKoqU__8f-QUaWgzKgUftv6xxqatKF-apybRWEWLlT6Un5Ty,ngfPDiiI27lzYwPBgGbNeneWWkVchX4Bs9V1QUSxUlv3CDWBuQ3euklb_urIOotgbYz8_Dw87XbAxg
euw1,PLATINUM,I,m3wJeW0u2HtVN5rzYFb6-b3ZFLRQUH0d0uNBpvEXgN0xdRSW,H5TJ8MZdY33p7AMetw7eEjkMaCv7X5aKmKt72qhSWp3g2OSwEWyw4FPUmego9zUn0c3E1fl3tbBiVA
euw1,PLATINUM,II,D8q0f8387nf6OtPg_7D4dBHv0ig9mnkBIm8oUn0qWfb9-ya8,bZlayN3ZSXG5gn3bgW_UTzQHc6voVjS3_vfhySZqR3w0IDuZNXWreHyBlusnWF1YZjVpPAbuvFMjug
euw1,PLATINUM,III,D7TSJhFwVUzMQdcTTXV6PR8fEuzp9S2MkAAECgyvhkFE6Gp5,z8LDMMLwCcTWej34hj3U7usybGD5A3f7x1VnIvZG7vuh9YqAyp39VvK6k1rJAkzu1Pjjtaad4jz-Kw
euw1,PLATINUM,IV,qMo2rmU3ZqbBpvUSvfbvMmQdyj-I8fRvX6xfxD8oU1EJcvpU,uYS1QpZgIjSy8W9MaAuGCUi5_AoB2ZkBVm5F7LR_lEVQbkARL-ufd30DD8Cc0y-BWChKIYbt6UnmSg
euw1,EMERALD,I,iIDmKSpHeY9IlmuXbdZNU6YQXZ20vDu0fXAFh4b9XJbCxqNy,2EhDCmiITXL_-uMXQ6XTjOjqU-U-Y1brG3r7TDkTECGWtdxs4mL--kCKLa8AgdZGwgpdRaJj40Qt_g
euw1,EMERALD,I,d3KCurkcD-2m7dtPonFa_OTJGHs5yYIrZBRll58iFUFVu5fY,ysPkXEH5ZPQEm1-Zk1dGDwhl6cMEqHD5b0i9a-jT0kxpWAm4taIWlDuTQwVe_yKFxwKQanjKTxGR5w
euw1,EMERALD,I,SWRFIn3WJQdgOmGohrjE824oDImQE9mtRvhH1_bjjsde0vdJ,_XP5ryY_XjUs3OPOrD2yDyI8xEhyTGH0MaIR0A60bNkKUFsxVGvYYCE3dovEi8CZhmj4AQ9Iej1twA
euw1,EMERALD,I,afbR3WqqRgRrhjp3rhSKEvrDQBjU10EsyopQZ8oaVGkMHBgB,F4o37eY6A4EzJYi8OgwIsE7EXaMZxVdEyIGjj58JyTQR4_lek4Z8wNGvHPhp14w1QoKv-nJ502ly1Q
euw1,EMERALD,I,UzQzBp_OyE1TXjjp5lAJyEdNX7a0cJ20_JYWkRy-U6hiTZr-,HBhg3B-g8zUldKaJFaO53hEXeCGPYPfN81tpA13Vh3wX31CuvIThXcFDi6LXPXtPXENTBdfvLHrRyA
euw1,EMERALD,I,8dBOCRj2hGLpktZS4h-9jjExlq2H9RNYW_5LHpuYFGzZYgtG,5wPhRrLS0TRXOM6DZz5tF8SabvklEA_bQnnM52E3TplwGymNgZ5pSNHgLrCnVBmBrn3YdhovQtpzNA
euw1,EMERALD,I,vAaIkUZS5rdvAoFGYGGPXt1IxYDyipKIhqOnnUPIxnaJdPWg,gbKp2GCEvkwOiO6LFvnqkxogYqIqZZ4hxHcVfm72mMbZbnQKBJqdSwhWHcLSLEaS7uFBEu3Hv8d3uw
euw1,EMERALD,I,IXo_dtaCiH3DsVHOc4XPhAz5c0Kvy2XFGtTF-IELCuo9JEd_,gm2EW0xl4s5Qeef6PYiX7xLf730GTnvOgDc9sjtqBc0y7MH-UnGHPBBlhNCk6xo8dX-vQ6xJXkentw
euw1,EMERALD,I,m7XvSv4TTB5wmzVORuwla5SEsnZhovr-hg6F9JwA7_s9a-mP,MY5MIq_FhYtdW_aSXLaXPCCtwVpM9LZe7KPOufdMaHthFShSG2T07cJ50nySE4QQMCTfJieOU7QEsA
euw1,EMERALD,I,egZTSD1qTFZJiSAwEPb_ScYv6hS5zOEu3-rvdMYinQMCknAg,pGXEqURUlt-iysrWopbnFTlKx6sSfgqauoR56mB1RNtUgiQkYCYOOD3UjgZpSXMycSOCX0-8SFGGoA
euw1,EMERALD,I,-zH81Lu8Jar6x0GpIv-IV6PW5UJTYYR5szgyvnuYiy32VzRz,QLvfswPyUlLhJd2cu72xxWUJj6UDGB-7g_VaDADlQLb84DFLX5SsoAhI5rmHFIR8GjjWGqk1wlqiAQ
euw1,EMERALD,I,Fui9TrnyH4md3pwafH-A5EKolEL09k_BUl5jCcSgSuM2xtkf,G4K-yu5Lr9XmHuz8D776SPh6VcJaoTQJWydLXp_xr0hrsypAj5HoKWzNCemq0FJJwe21xOvmEVLDoQ
euw1,EMERALD,I,OysBTNDxRz2NASg82FG2aHFo3pnSc6OMr55wMOvr3C0YkuhP,S3xfAjfilbicZkwEHLmGIvVRp01ynjIA1oIrH13qai0iSeeUwqtMxbxYqofAv6ZqdVULyzLpktghkg
euw1,EMERALD,I,vI114t11kI7HMS7mNMOUNHpYziTHtiU6dmIJhD-Z42oK0n-c,Ucb7ybXNidtCHcaLtYKgBHByTkLRplg_A8Q_4CRos7cgNIg5-tBXKQNgSjmUJF5jB4tOSHl3vfbG1A
euw1,EMERALD,I,cDCakCPoL1EOzIlD0UpeZ22-sQbDJGdU804N_kiHpZebIiIU,OBGm2zsgb1UjtnxFAeRA-orKo7FoD_FZvkbVxvkzFnuHN2GLBerxF3tbZq8EoN_52BnStH73y-uZRQ
euw1,EMERALD,I,r3pEqxxEG6tpCVZCzqQCxefLvRcA8aflQc9_V7H_BwofSN2y,cFe-6QYIVBCiX3teIm21tv_5s8zBeybrSd2LzX4-zx8WzdVw-KXKYLMPdAjOcHbKnDhqkN9oIHOIsQ
euw1,EMERALD,I,meetfoVxEbwVgzpLpJRFibkd7OikzLUC90JnJBu_YQ59VW9j,ZQYYCX4pHAYrTqP9dnLYuzwgM52Ia914EWhgeo7-XZE7YjMd3l6Y9ubs4CGfJJdO5LDTVamC_wa8nA
euw1,EMERALD,I,p5v6ZtmZe7Y_qgTKQ1JhQRg7UcMT1wI9fCXgaMhmWdPtmLWx,46vxdJUNS5gXDOHxoVJAt9yU1svY5HXI3kEKlhvx9OvzmBgOirl4GGOxLEqA-ZSEZ_dgLEXfFjdAEA
euw1,EMERALD,I,LhVTUUuIZ4el5uQ45m1vR7J02F0Cw-kq3kMSDb5ic87NhWY_,0dviUWwxaxGOxBI8E88ugNlk83sQ0lX8nnDycdicMGekl6fKEQITmgFqUSDXCPEdLoPkK_ByK8witw
euw1,EMERALD,I,eMort0ZLsR9tm1u_Axr0UTlACshcdDpBSW_FcnA-QgoyvS5Q,D4nw7w2fL1sM7LP1PdJDWwIsHvEpWiHvMTCvWi67vjQ9HO3B0pUL2Kusv7vx8aSwNC2J6sSb3a3jFA
euw1,EMERALD,II,_J8ATuKpofipwPEnBNsZtktKNBVxXT1HRnbDTpUFGCp6S_Fj,SyUV4IKWKm2Qyp1U2P4onwDI0BVeKR3kvwM_e8DzjuhqWXpo6C79L2919Tne9_Nyxh6VzpUhEvfm0Q
euw1,EMERALD,III,zUvAbMzRUGLqcV4D7CeB1PNDZQKLbzZ15roX9xd6Q0hQdp65,6WPGkl7V9ZmiHT6Xt4w9v-0wVAc3ZqZgADrKl1v7nm34LCSSgZdPVWieiFgur81JHBz0EZzLFzTutQ
euw1,EMERALD,IV,RPyTh3JSaT9_h-ghuWWPsaXuCPtmYkgJ1Zqc1QPz5FcDy2FE,GHxQC9JxkkyCSiH1FscVmf6Mi3wgJJffdm7yqORNS7oxeaBLvvZ4070Qd-6QLwQG6trq8Nhu_OHgfQ
euw1,DIAMOND,I,fIMdPClMfxzMGNepcRqJ_2W3oqbxayDuhgLPfCMPj9xaQwis,xQBjqKURGv36C_BrKiqruaCc0WQn7xoThLJGuy5Y-oRKGLy40zghgxyK8H1_Z-a7s1PdGgZ_SVl5aw
euw1,DIAMOND,I,fpLDFG40qxLIxhbRrvbU5JTORwATahr5wFGEo8vSMzglHE66,d2mHMcdXiJS2xR-d7fkNWVyvmE8bvlUNyjYaUe2C7bXef3FjGIfKOZN_4hnX328aB_G9npNGfUP71Q
euw1,DIAMOND,I,EeotYQwmmRhydrsvVmPKDL-HFu0uZajxyoxYPhn2ut401M5-,zOu8n4BhyYis1hF42WGAilZFEi8_vRAUzOpWCpZSMj_hS2rtIvZCv9HR9qZdHUQ0-wOb1x9YB-_tMg
euw1,DIAMOND,I,cTN7C-iNk1ba1aDMMwSdYYfV_HglTOSNiSf0SPVZDMaZ926q,isaNXbNhyihaB_y-SXhp233VaKY1BprxIz27iMPC5jpWp1fkEBCcKwlnEkPqHyH6dMS0sOCM48Mdtg
euw1,DIAMOND,I,CjXtbCJ7BKRYkG_lh8zmiiCZaLMlh2qhqCM83_PgT2WSeGu3,Vg6GiVB66n6WF36ePrO4dLdg423GJ1qWjsf-FZejbI08nVokbwnslO1rUN81Q1fVDjW5honlCbKwJg
euw1,DIAMOND,I,LRQn_lXAUKzMCx-mjFlpeF188PHe9BdrfeO8ScPbtetFmT29,hbjRVHOWPMOuwlthuCSJSTXTacALjMk1DAp9-6IXihgyaZ94VOVcMQ6xzWasxrvTclFypEv7ZKa91Q
euw1,DIAMOND,I,pwX1CZQPWhM7LB36UfKtnpnbJTwpTmhUGcZSwNRS40aTEj8o,8uXmULCKdp8uxVs0NtTN0kqgq0bT5uThz4f0oWjUaT8rqtYMO-CeeQAPea62NjKcDeji24ufvt2uLw
euw1,DIAMOND,I,UKdg7QAiN2hvDxKzLL6hwhUfPlmv-qaz94QiUIVazADGDOON,Sy7siX02aDgDcqx0WTCA1Vmv3c-pkIIV5zRvxPl9oe4KJOUYpVgXJO6dR859i10YizxzkSQAB9KgYA
euw1,DIAMOND,I,UFOubEg2rO9Y1nY3f84JaQLRRiXt_7NXfw5lh7edbCx-6yWG,T06nPKw9GQp-LqRzKxDIO5dL92bb-FPBns5lAFhA-UhAkA_il7AOr8vIulg8otfLyJQE5SPVPgB79Q
euw1,DIAMOND,I,nyIq3I3aCHsZ0j3ASU52RTDiu1WDFdx8n-6vrewVDTs8X1_W,AztCtPQIiSUrhflXSPe0PqNxDM1F7_qu9BMYjTDwV-XxuEAIu_HAcWQQS4isvnIPsnrrC2PxfhoSpg
euw1,DIAMOND,I,mJ43LE2iKR5W9FKea2VOYs45m3nO__Vm6J7_rKcZ0YHZhq3u,TgxWD5KtOwM0KT9UWBtUyQkrmREsNNy3vdbrjmwYhX5lHY5yJSIObvIIMbwp8Xq3DWUC72wAt5-A-g
euw1,DIAMOND,I,1cJS3d7qx-KdEFPP4UHStiMRkgOujejDQhKufe3bhJrjvA3p,js_sKdwhz87i7wzwvf8jOb-ygVT42ztIyqB1ManMWR1CpdJaGu8W7I2LV6nsx1lfUvoHxt3hnPmaow
euw1,DIAMOND,I,UESHeQQIQMFdctgiLDX7QuwtgkRh3SRfl1Y_es05kdu6Hu4H,xwR9WLeQOL2_9NiGVOfsYyzcsY2ifsWho_Ns3naAy1EGTjhKNAk6E_ZoE3jezgNQLoFNYC2glrFXbg
euw1,DIAMOND,I,rVb6gAYBEydwW2lxNDgMGL6B2Tl-lliHTyGUaT0Kam_oQWld,T8NYgdMBoYD1JfphtcRAo1s-xEbxlcViOsXZrUZJgwqkcVVcNNnrHpTWEjfyMvC_JAmfuSxyWy1bTA
euw1,DIAMOND,I,hFb_6PEoSIWs-1o9U0oxr6YAo7nXcDlHP7Sf-XfmmaY9pcp9,9BVZhxFP1YEohtZji0cFlk2ex2w1S9-_NKFL6xUCDB83b_XSGHh4SioN0W45kFFg1Wb-cHAkyEdKqA
euw1,DIAMOND,I,tD64Hmr2zkK5hikEheZ0l1TmtfxkOmhQaB9cdvNPDmdAG-9F,A2Hvvkx9RopC2BxseTZHzpcylQVE95rX2gzgTITVzS3gewN6oumQuzCZ6-YiN2xtEwQlR19RBjzIgQ
euw1,DIAMOND,I,_cmQKeT3kBTI_gbYEJhE6bFlDqXP_ROR83mUrGjV48C2HJAd,dLWDxw57hx3BZiZ7iivpkyfapZCirLwqKk7kxH6wrQwQjIbRCAbcEUrWfQcxZtoHxTDGBqmdBYacNA
euw1,DIAMOND,I,2-eM_u2wzcJUlkavYr6Pfc4IbhMFCatskTzFANzJD8d2xxoY,maIdySbRw9SFCplAg0x2x-AvTRO1sZhBMkqPdy559yGYsPNr4QJ8zTrhjhkzJ1DVREVeTuK5ubWfQQ
euw1,DIAMOND,I,GbaO94GSgm3lHdwWOdcDaoes7bpt_LjCspCQalR0UWrMtBLb,z3IAcFDn_TJLHLcjwMkmr1T04AdILUgxONHInYzaLI7vCull2dOSse0Ee7KfWwG47h3ffuQQGNckYw
euw1,DIAMOND,I,kcAyy733itO7EDWEv0Cr10oWpVpkurN2aR2SDoBRiC5Bc5UH,PfUt_hyZifZReG16zjKSVc-ghr_U6zLoPmZ_wxT8l7SNew-Z5mYXwkX0weYFw5LVxwj0tswUgGXFVg
euw1,DIAMOND,II,tZBWrYULskMtb_2Wu3vaIISd1D-gEa6xDvnlbF6f1fZPafAa,rVMKbT0r4vubBnxMl6nt8eSI67oQdD4d4Xvi4oi1srvEOmgATpR94GB2NycU5m6K7rmTm33SDsBp4Q
euw1,DIAMOND,III,3ofJ-HZd5QDzmN-eF4L5xPV4HHSlW_fhUPyekKBHZtYNzXRM,wPFDyXdzbmZQ7hI_UR7Kh5JZmPVj8Mgum6U5QmC6XpSkkUxnSvcHLoGf0t8w-gaRnxrGG9obopsa8g
euw1,DIAMOND,IV,phyWiGEDUo7hjLqNio5GOn_H2az9TlH7pw9P9-IOB1FcE5Jk,IrmTlLl3kcBzpyFie-hPOeAJ7XsBAP-7FaULJA2yx3DR-zLZo05Xiy9r6uDdx5Mi3lXUFdlvGUjfBg
na1,GOLD,I,jpsGKF1kF2CbqYE20wRSQaBnWV1CvY7a_beR01yXB_roEJ2X,yqiYAvoYAvo-5gtlaw641XMe0t0qPNZt1i9KSYqUcu6HAdp7ngF0x361-tUfWAqyJcgE4peuUytRQw
na1,GOLD,I,MsNc5A5TgjdIEPS9i6gjQjcD_iYD3he8RLcazB995jOld563,-e049RSJg21TwMW9WIpeCYdZm1dezFNeKJHU5WmUQS5ziZDzmn8b-eyI5DzfmXMcRFGVYM-5HkhGnw
na1,GOLD,I,r3a4m7inLeOVWuPFKYvw9I_fJvNRNuIGKLSGYJirtXJe5eMA,9pfTi81V2Tx-2g4HzdPMTRm_RnwyArB_aEHj7_UE9ygFHQM34NSC8cpN4t6gobsSwRDo1uRbcAYPog
na1,GOLD,I,vdyyjhc9xXYVIulA6oMPjiWBSvf-l8SjZjL8zwVgCSAlZ6gr,cCtnLWOfrMyDeP119DYOrpW1iL6HryIP2n1OeMBMPb5C6FtRDgFYRV2fAF9LG-aV5mO5c6bVEf8LQQ
na1,GOLD,I,ZTTr63ObJbY8yGEAn0-UWsxnpQxe5oYA5brE2-xCaLsIVG1p,QfEjUjo1Np2xRr0mZKJPvjXzTc2BMup4ixmw6BBUSU-6D6Pq2ztpebtbPRExLBYz9EFtWkndT64pqA
na1,GOLD,I,V3YmNu-uKsiiCiizACJswYbT29vZvUKBa7UqorMfLqX9PX0-,tUKgg_5ZFFPdiJQKEZJ6_9VDe0ZNnRWMuwQRD1lFo7fOnR2BZXMt9KVNWE2GkUY9ARyO3PdgE_cDjA
na1,GOLD,I,nrcnf6X_J7DKeIpczB211iu4gP0wlvgOcgFpKNISd-Njt1EN,8xYwBZZVKFp3O1jYv7rfb_2qGQ__m_2H558AqCGGAHIBEHeecPOZ9AKA_PxUK1Oby2DcRbKEHRXWNQ
na1,GOLD,I,jhoHIx34Tt1YMmB8fEuPaP77MQzp1aTPQ7B1xmPXRLixDCkP,g5-UklZd3Vu_BpO5bbtZO2EAuyNpKW-84UTb-bVarq3K83gbM1V-owNGjoxzngZu6I4h36hX3YgRsg
na1,GOLD,I,xX8wKpFXC0fErlRBIi28ordWcKL6DKkmgajST6xfqSoiAeqN,wxmtP2OUs6Dmn92fC7I1gENGK8f5hvvkuOOEuxXt_BOsOcnBrfM_RjykrteKiaqeyu2F-sVlU_jZPg
na1,GOLD,I,vDFNzfBfoA2g0uZuSnWtg4JkQm2WmR6ECw7-Ug8OVLIvi1YX,YDz3uJuxNxBAEuei1XnkeYHJlrIU5FbQz6trw2HRH5IHE-BhTmwYmj4RT-uWUv84MJL2N6QEpsYOxA
na1,GOLD,I,QxubKye5AK5fZiZaivUvUK1KMMYHm75wwDhudHtSJU1n-_Dl,AQ79Aob-3UZBW3xAck1BqMtuxFeZhhIoLq_GyTUIOiMy0fLBcWs9euOA38yhhylwR2gFa63jEJe98w
na1,GOLD,I,tMir2kmKjgf1qbH-HZfLLlvRiLHx8UAvGlUtKnXRcDF7KOHw,Gw2gESNX6OlriIOHE-k9LgS-UNfmvZZ9ky_JTgDLowUroBQjfSGpdAe3Te5UJJlVPkSXXikuH1f2hg
na1,GOLD,I,LAZ2xD_dSz8BRRbe3BJSIqXEZ1yGX5sxcHor1neekgIAwGIy,ASUwhhkBbudCKJwe71iR17ksIcGlCGvoQCQSb1mNi8M9B7ZqVGCxJAQoJOGfOptIqtoV8G-Yl-hPTg
na1,GOLD,I,ufmaRX0kL4UyqxYaBkz9vlhn3rW6xNvLp8Y9uDh8spaP2-0L,AUo8H76DbPiRqiBQOl-F7CwaHua4E_PKqD11wtsrg254G5emS1eAAIyKe8V3tQxWjUcOOnfdDXVNCA
na1,GOLD,I,opdmLkdrcRpkRlexKw_vuQFGjqiNoGuYI2HPBm-u9qP8G2cr,PaDRrSdYpH6OK-5jZK6ORSsqOFc0Amzz-CamBJdSGJOxIW8LEw-SWgUZzKUmrfMctJsq-VBvxwwVHg
na1,GOLD,I,OA5lpucgkGeAJQ9T-NfoQ5pOZlQuIrCIQkD-wSzi39KeemkX,sEdJgeBgN-TCmuM2GMPRHbv8Porpa0XS-lqCPPmKuu-7wwTvQSz7tSrbtz4cGROADOnjaiCKIVnLhA
na1,GOLD,I,PVGT7qJcb4Xk6hjMUGVP4-aNHZ8CUL2K3oskDMyEpr5BIqxz,0xllc_2wGLK3rgrhNEHeuSOsCoy-f8drtydLcT1xDIEhISlr_3nHPjK_YA169idyIndQKX3Gm0lasA
na1,GOLD,I,uab41xttnkoUGseysTd7cuJffHbOdTlmeGvbN2W6eQdzBAGS,ePNUqasWlyWrag5hCurqLR4zH2pdTms5JF4p5Lpj88vhRVietX7f7jWdYxOU1uJD1OGT90FKS8CEBA
na1,GOLD,I,PL2N8L9PhziaMKr1Lxx9Bna90CWr8KLRk1jLEUUPu7FzETNM,El3NWGg0efsMkJHWEe4V6qehPoERKlXOP49bInELYkmayKnrFdQZrtfAY7TI3jLI9G1IT6kf6prjhw
na1,GOLD,I,-g4U4-5RV307uw9F3q6Eve1EPF7w9OVpPKQvAswLMQGTNeG0,ToHayJnCeFqJQBtTiQdqMAGdd7L2Dz-jUuIV_FLe0Hs5mkIb5S8Q2ofEaSx25Ww9z1NKgaU43fKRYQ
na1,GOLD,II,BaqorlyNgKY5MgTEX0lOFP4Ov3k_wMRzrw3FLPHPT3Ia_O_O,FymzIcsvP19CKbD3ffjlj3L4dfqCulMKPB9JELsWrPfPe1sBYuJ4cffTOHAdSksygItTSNo0fuih5Q
na1,GOLD,III,RJJVDWLLdG2urJmdhslxYlYu3CuCsCXmUZrnYe6vWiOEHcGR,MK_Hf_tr3soFo5hrq3knLSkSwtvk22Tm_V5tLiplUUBdK6OejULj4F6znqiYtOZsWxQLEM2nejSnIA
na1,GOLD,IV,E62e6nYzt2snt88TEP0N75FUcy-JW0nykSkrqXYHpOh7OwxZ,wtVB35__yGECNh1hRviZJzzvUI5sXefuZ_bqPkAAiXhf3iWfHJL6clTrEbz38RW_e3RMWZbLkriu5w
na1,PLATINUM,I,RCUGfU_luAXD5EGuVzrD7OPjMWzIdj3CY6vT4_U7XMcY7enl,GYC2Bdl8wkSJgz2aeuy2fDBLSWlkYRg413uNGgNRhGFpaiol2wxtyRcHdsT-p078Lj2RwtT_Rhh4qg
na1,PLATINUM,I,1po7_KwsmKZMMrK6_Ri4vcoFquraFqqnLOYjpk5EAyXgu_3t,kdA23Ib6v3xs4C-_jPnd96Z6DLON4xqsyFwMCy9DWOmtgziBimqevFQ1nfxWYMkP0zbEuGckYkC6lw
na1,PLATINUM,I,30IKikUg1qYXOVgxOT_3ZkYyodyx5AThvR-zIOqtNDmVFgsp,XMyg9SrwwSNdTqWfCSrEG6G07LLJVChTgAsqu9dgA667Bmq8Jza5bkV1Ywz5NrImYtUYclveyC0fXg
na1,PLATINUM,I,xSKM2xlcmBzfcQOViBxuxFb4S16m1e7WN-rTeyi6GBSOJ3y8,Ox1Ivfo6AeLbTLjST2pTMCaAGhy9fDUt6c-fMEXXPFgkX40p5r5WUWnH52gODNnzbe9PckTOU7Ny4w
na1,PLATINUM,I,7M83vKhs475EHEqNkts6Y3fDXNvWvmpKViKR_8EIsstehsf5,H4euDRRUEvIaQRzlU-bQdiBa3oApjrgg3TcblrxUiJyMNlvBGA44R6zQQXt7uv-E5CSuOIxuwXgk1g
na1,PLATINUM,I,I3QNgLkt95CPpPkELW_tB7o3vgQoAmFD58ztdNN0o8BJ6q79,lJU1but0zFAif0W3a_v4QlcP7oKoEk0aLBrjrEgpX4gqhLBF7ASIwILSJriFnzDgHu-GtOpfedX4mA
na1,PLATINUM,I,gN6Rz2DSQTcsxzsqV3J3SnEQVmIgC0t6kNENTvpAs0PKTCQ1,cJSGYWcHNeRObwAjczJu4QiiXAn2gjQP7nmmG_G6lX-AcOpea-VmXOK9QKAg_l-eQa_mdGcRM_lf5g
na1,PLATINUM,I,V3_vQ39UYFh0jaluxqwKPIVjgNWiU4Kq9KZ3k9Lw2fbOLPtB,dlBurO0N1K_ALia7lsQn_gyYTD8abns63naDeSM6BmSfYAhgSZF_G9rsxCA6ZaPjSTWUAEyLE_xOfg
na1,PLATINUM,I,iIcLnVzoz5sN5D0bIy9-QQcUQGH_SSPnl8VpxQYDJT_kChxs,1iTQ5-IJwZAsgJeYiTMqkCxdZvmHj3GIXZEdPoIcJ4Ago3HoBuA9JOqKs43Cnj6ZLt7ALPOVkTSCkg
na1,PLATINUM,I,YLOhm7_YzPo3yxbqO5gZ0W1lPtkpTx0OB6F5vBwEz8gv6GJC,liSvuh8ffirYv1pwv1meie5GA-98QUf-ZskF_eobaj0mx532q_D-7rQjhu3fDp1QVN3Ta4as1p3Dvw
na1,PLATINUM,I,oH1njFqWkFkciWiytk-aqyZOSju3VFtHNlOWEU1xB1eqde07,KCIGTn-iNAkHCwFJm7K3RUHEtWger0hfEcV7VA5wofd7T43rT8rUjKi4e_nCgBRBJGGd6WDJ6wTHTw
na1,PLATINUM,I,dhw6H8vJCQyfEqxd6FortLfNljex_VsEPbYSRMa51XPPX4s_,d5kcKpZUCoBWV6xStp6sJrXCfySj_OWRnnd_m_uDxbEYWs5IFhsZdD534R94vxKhcBosQD_s-MnaoA
na1,PLATINUM,I,S4e6TvAsn23HlwpYhrveFPBa8lNDRlHCe11wbTUb6Vz-qBoc,krdTpRwnDlmv4h82_mJ2suvKmGEOlk_C8rXc1H3uI3CYXo5hZ1jbxCTxjvi8wbjbuYhk-cImQWcO0A
na1,PLATINUM,I,ripZh-593BaoWJBHK7vXkork2oZgoGF5m_EAjJcNeO6q4O1z,M0CPb_KBPvcJ-zsqVcsnREZUEkaen9YqLQvN10q3PvwtpN0kuP6ikxzTICKI4shqQGClet_tCnrAOw
na1,PLATINUM,I,tN4HUePAcVO8PW1GVDmnf5Ylc9PWMEt8NfEYgnnYSl5M-EdZ,2fNKFhw7RCeCcK-JH6AY9DL9wOIPs6QkgCn8eM5GPVlGYV9R-NHbZ7nGU6dK3WISOOjtbZy5_S5BKA
na1,PLATINUM,I,ZQORlV2MVPY7nMMh75Rd7WFNHfpPSEwpzxOSnN6O1h3PcI5n,mXLqPA6Okj9C_-_y5Oy-c7YT3XyYsYK_3648tRGAGfv7AlFxRAdMRf_OhKcusNGOt_zH-2A-En0-NQ
na1,PLATINUM,I,1iibfGERhh2nuxWWZp7nJxD2xRNodracNoa9Cqv88U9kgW3D,MqUfcvmT9MvMalMHiF9m24QAVNicSb6CauIui_kP15jWTuLsgkPi1Os_6rJoG5ffhPvzunc1cERxaA
na1,PLATINUM,I,yGX7iXehX6Yk6fObg2KaT_gYHPX-OvEloEDvh-CiCSrrjzW0,8hgKJPx28TfmnmYbzPKLqH0udLn8Plml87f6r_ZvsSskOfDytcUIWiXkj8AkuSOQIdDFMThmQy8IWQ
na1,PLATINUM,I,Id5MIaz6NDmGal4osnj6lEKRGGxGjeX8GIhaBfvV5f-9AHL_,95m7b8TNxIHBhN-__-X571gTZ_gkc8rYljHuxPMqCXRUc4ux7avX73ox67mi3EX2RpFzXkmvPboSiw
na1,PLATINUM,I,lzYCZMUdinsnFdAhUJ_48frb_8TKfkfg7_ucS5exsBTANSqD,ICYZSbb3nqzka59CI3IFxgY8XHOf_BeqsillCSAq85779xeqZyquU-d8LddzmsJA0vQu0OAWihYTIA
na1,PLATINUM,II,iJkmGArm6FjyKzqcrL8j-Mh0LXuqH4cWCUI5vk5NiAI7tCnI,3j7x5I9CQHG6MfMYx3EEk1NJhaBT3SPhhmkSxg-ggj3AYsTEHtibUAxDv0JQsa6DmH_kqAAbVA4mBg
na1,PLATINUM,III,XXpW0Puv-abLox9-X5eZNXkbEvjGBRbF59t0tzAWrA5uv_ZZ,DiOuurQUve7gOfqvDQ92RhmiazVOkkhT4_ZHuMSiqADWImkCAY6OeGG4XItN6f6URqWbOLJOFE17Ow
na1,PLATINUM,IV,5y-Mfjx-lUM4sH-20Iqn_MMGJzB-siFq8luxiVAhl6VWjDUz,aFG6XJzaGI__9nso-9RU8-VEteV38dZdzYCzAethhLSFWlGNEgpF_d9vgshmwVSbvr-yJdmQ0AGDvg
na1,EMERALD,I,Kcpbg35owpJncr7h3Q5jyaclEqHNzQ0Lz6k0k4z75yIZfmel,48Rg_tWAVupIYnBHeYWAQVY1GWZW9z5eVTq5slzVqpu01oYJCRbBXz7WU9plveYfqtqxLAYkThxBFg
na1,EMERALD,I,jUtBEWA52XchOGRJxC_-qNBQzoy0Yh0OyxcaZziAA3uriwkD,z_nBlC6A2K5pwcHgZNhboGzySiI94QU87SeoDf-SAq-x5Qequtr3xac_yQU6axIwSlDaX7ObAX7fmw
na1,EMERALD,I,A3sJElcZzqsZek7HYIGRpHBOez1nWz5k2UJs9N2w6Tmls42C,-rqIWMcQBUSSJLgyJIfLcH5oDzhmbTFJye3qckhoMflul-GEBAf6OSDvrFEXsBvR99QBEJNMbRckMQ
na1,EMERALD,I,1sKpeBlDNRll7IE8wXIPe2TJOuLESP_3jZ2inRxOGy8-oPC2,yoGUuSmL5OBg_wwegP1Y15z71j6umbludlhXl2vN4WYct8o8N1DbNllI5wOMZLSE1od-Xh5ybPDVlQ
na1,EMERALD,I,8mUQyKJ-P0weh50H_qAh275jQZZbD3OPj7H8xcGUCjl5omLv,TCmq5H_0tIC6hNlqlDRRCdEPXIUuGvqPmjAhLJ8D-WC98OPiKXHDr-5D7LOrpOkk8buVVCRmOYMulg
na1,EMERALD,I,CfZsP25RP3NtTZ0wUzLM_uCZ1k60tCPFmXgo3Rkhwo9IF_mI,XB3SUNEB0Is_smtpdBjl0bYvtMRS1p69hjLqhKw7gdp5Sh2i4gz3Cd0GpxIVuMmitft0wT_8fr3RGw
na1,EMERALD,I,951ag77ehmcyuI0PTqSd3r0Gx9hi4M-OgOrNiDw8EZ3MYHfR,R17qYeqmQN05qWUkprSTBrLFkXvEmTF0BZ0jM736wphsbQ5jh2oZu7iCwhGZ3sEJoEnqKxuw0oVjHQ
na1,EMERALD,I,iNXyZ3m1EE66AIbLCTv38zRloeP5jIXjqkW_37YpZ3We7wDK,V6KLd2_cfrNPV7LW1TUOQ8CJnpB0JPqGKsLaJjvqaieJayGZ7B-ecg5K5Bco5QUj_jMNI6BodvoLew
na1,EMERALD,I,VqPe8ZHs9qpLo9h0feVhzXsszcliM3As_uqcg5GnmYQTuOCM,dJiL4uROmxS4_w0nYQ7yeOd7xtdke8ovj7EXavqfRKgWXaLuQMQS6HHBDr5dijsgt_zA8QjXDiOa7w
na1,EMERALD,I,kLJHfSw3LARPTCuBIYpCSaU7lBSsmZYwFYhhImavZkTxuaQ-,pWlauJMm785xJ35XAssJWuuDPW9XeY_voomWKsvfVx9EnUdW3Iy8LAdzSTReUYFWyvNQNOvFuSVbTg
na1,EMERALD,I,YMvXe28cpOJ7YiJXw55_8QcxSSNPAHVBSkbsGnmJCPNnHoQp,6MkuR_1areIJ9I43s4wbYb6dgZyNWWg5Ia14bQrHIz2NDr1Cpf0KicoU0WdeY3OCyuciSpsHXIC7Wg
na1,EMERALD,I,dS_82x_RzaGbHZKd7UNluSmrzX8j3wfmmcy3_hz6KnIhhqHR,w0J86ON1AKo9L1mEUDg_YIYyqL9P_TLUZ6eIVcQdUv5U43OsIz3dAYtViNuC6tFgU7OMhss1Q7si6A
na1,EMERALD,I,6Cqz-xJdcul9iTLn3PyrIm_8l7Tmj38zkUkp8_BCn1ORmW8H,Cqo2JF5iBgPpye1y5D9rVKGhoQzwEXiNsHNWT7XnerjjsJviOVv3hlcV2Ympnz8708WemUABN_V8eA
na1,EMERALD,I,hRg2atH8eR7A201LLgloQl3gh9FAZpjgOvr374q0cA6LX3bW,Dsw8_w9Q79QiYnu9joKsaYKpM13fcRGBbFFPsavDFsJDxC7C0x6KIfsSm20miOoFeSligGPXmb3yKg
na1,EMERALD,I,zHdA2XaIKAyadHni-13ekG4rMVjzigIaRtDBGT4ygTnhO4yB,5HhaCWX7o5L941S84vnUY0LO8WJH1tN4iVJtHaU6gTG5EB-sgjbFZawUINzPI5xQ2FMlC9Yyj6k9zQ
na1,EMERALD,I,8dX1EU1kvW_3HpRDJ8DCOXfKZa7V2xzFKXeQmvgPOywQfkLE,_WZecfiIPKFke5M9gbLMURXqpj81Yle5qwXb3S1yfouP7k1dBuDdExKfdxrbPT_W7l8IRc6vWHOGgw
na1,EMERALD,I,8erfexUtpZ0ywnZr-EowV3yY5O9zs0yJp_XFNtllwCNsYIqN,M0tnNdFdaOdEobJELj3rS79cZgSaFMjXrRouy-S9SZsT2SLqkm7k_19fY6PFskhUUQVwmI5SL-9P6g
na1,EMERALD,I,8F6KCIuGH4RdNbnmZD6Gc0LB7wwJfMvZDcdlbkWwU08xBCYU,wHOTZq0UcQBPzOdbUIDZ1VzAzhRbfva99hOnO-KgBbOfP-DrPLPTXksjPoArEQNdR2lgd8Xi2NaktQ
na1,EMERALD,I,JNq4-4SwCVFEB5HKSeTg5icvigVa9ApfmKQ5bEk-CmU92vvz,YpUxpIXcmGSSvhZCNFZE1B5L1PU9ie9t07Wnmk9vojqDpCPQrFuwIsk0rAqZAIyoRMjFWWKwfly5Bg
na1,EMERALD,I,G_OG768U5vMmgcFBVdzD_j7qFFlYrZSe6mRhj0X2yqgJLjti,1x7TJ6hl0VHl95bVAwTFx3h2UWyK7-d4WVNY7_kV9FcIW4vgjmWV0RR2pImm_fSIzOmqmpuyGFpbqA
na1,EMERALD,II,cJ6Ss8M7TaAFhicGjlvEGm77V6PoDOxFsNiaSHO729tPrRus,I2PuWkVQBPwUu9aRZYUhxGMiqVYhXCB8MWGWSE0eHjnrfVmK6igPU47BTYUB3BfqB_gIF_YklFgm1A
na1,EMERALD,III,8-IT8ZqJA3zLvVcD_b3N5htIa_dRtX4Pv3x77EC6EYs8J9UG,nNOLJ3e_BvIPcUHBoX5_f8z4aoYElLCtFf8Cxt0E0QRqq2PL3GYNprq582dtW6J1jN9RTd9Ym6M8bQ
na1,EMERALD,IV,LjY2YevomORasMBMVMC0e1VK0XbW8wJDc3Jb_Rdn2U0g_5ua,rbm1dg3l9Yz8UPa-LuMjP10SHN_6lWlEsv3eeD3EQyIZJhMgOQS3ZkfS06PuVZrgkwTML0k5D2i26A
na1,DIAMOND,I,1w_42_05z-2UVnFpz-CvjhYD-49aior3QsziGjziLBicnzOW,EZfVoeUTfoxcHJYWKBtwt_Lt8on2Lmho4lLAYaNc8kAsK0Lx7wtV2bhYs_j6Ql_lll1dK9dN-gHgLA
na1,DIAMOND,I,gLWMKP_L-SLZWjma2l6sVU2sARSjg8CbzDxo5yYsjRBYTR0j,ItSrdQk9B_e8CSwrZC0Y2GxvBkPX8E9v6PueHMyS3cjd3mrUB0rEepYra5KLyEQNZzYpTXMeBRl2tw
na1,DIAMOND,I,3VL2iLzwe16xO3xUuMxje8vcVdU3PaykvLGbEoG_5vdR0ktK,2BxMZ1qNFoFu-h4jAIq0xpeWcdlizNis-hVCRp07lg3USVRVCTL8K3019aINNrqw4T9NKOMrIakcoA
na1,DIAMOND,I,iCpcOmnQVrwCHw8I20r7HX7IEFlTvriARtbksnq1iJeL4n5y,FX_PfKAvElTNXtwS4eq95wYtA7QENG7ck_-eVN-td9oMog7lTt_HVws8JGSJiAPZojSz0owI3uKBLA
na1,DIAMOND,I,5bSR2fARrGTdN7B9sMWI6o2WIopLyoVSBxDvQv2H13RW5Muc,FcSmQq7lc0AQ_qesYpeYDTRCCopcMHHEmJkXqa7dgjckr05Me4nCdPAHqa278mQXVrbZp58t2lc4bw
na1,DIAMOND,I,JJYoLIFCiun9y01sC5RCOF0ceqBOLMxiSdK0NaWeXzCuXJXR,xpXSUHnq9I9kztGmNWfiWY0pr-N3AYq7zcE30xjYtXoBXForf6-n8klX1PBvurdlZ6VkvM_dZDy2BA
na1,DIAMOND,I,Xq0gkRtE5l7_FWLQhXtk590ZhxCpB29fCVYx-FVyHv_ovIuS,Z07UUFYKYN88lkewHA0dq2h8uwtNtCEHk_yZqTFWGC43lPUV0uDdPOlh_zzjVfdGHp6EsmsMAHBswA
na1,DIAMOND,I,SXphHgNf9Q9z3cAi7z-WkFWUhVyZEHepmtzwwyt52esKO-hM,e1k86aIwX7wqAL5EtpA8jCXNA6zdWml0oBHkxaOSW6Se3zDJuv858sw8JpgW3WavhWqhdqYOF1KqEQ
na1,DIAMOND,I,z2zHAH6V6ISJ67TnFdXv5ZA6tq1OUbeDjICn_tOmgzFCapEj,Ae-bCGf8hkupoW5HkswRRmqeT0pwAUteiGj-6nLcUzeJcsD-dTqm7xlO7zcGNHfSD3bhvyRHxGHbrg
na1,DIAMOND,I,t2-7kpWlpgQCaOu7acnUieLoBGsLTXPb50orz6jpbIitZjRg,jRYf_mwPYw7By5txex8IZibrG1zIOtAy32tY-bOYTWhNLd1sf20X6PslEWi0W950DIfSnRZSKhjjLw
na1,DIAMOND,I,EqVY1hmnLoKfAAbrnAn5mZ33UceUYhBVgTq3Kp6AGgBkb-IY,iOQHLPk4nRQXxSWq5iS6HVvDCg9AXiu9sRvlQ9wOri99ZJ2cTZp4W_3Drt_HrJgpAoCLrcEglsXqSQ
na1,DIAMOND,I,W9jP0bGS-lcJIpbfXGv2vkOEG4E3ep203-b7yx7PfpRmXTr9,YrORZ1h1jItWxpF6LVEu1RRdIemnJV6Ut6xel85KrMevD_3fk_rmTKfnZjj1bkwo-MImmX9lTGMQwg
na1,DIAMOND,I,f0p72NfcugPPUejIIhM9FTYHx6PAk4b5CWSXiZzGgGWsDF1D,EDfHZkCnM3xmcqV94S9gwcI-eHhwGW6lR_uA7PRoIbvX-gc0Pi14Ooz9kpgQT8WNHq5rpLFqg0Bmgg
na1,DIAMOND,I,q5nofKls2AwEx-uVlJ4u1Ah0ZWlNqp4Th2dQdDxqZp6eEE3Q,rv644DcImpCXgoAAx7PSYM3oMBBfO1rLRBwDE30n4rb33JIycPSvq_0wimFMU6iszzMHAKqy66Dnkg
na1,DIAMOND,I,4JIiIll4oGet6KyrRdAKRJikxiD3ud5DnGTIAUMb-TMhZK7v,FDPDIdaSVvDY2Y0s7qP82yWeVZTR8EjxNsVJXxLgl5stB58f6s48nXN_U9Ig6KrhewZ0Yn1J52NOYQ
na1,DIAMOND,I,D46M2x8Qn3_nEVi493q6YCFCBxUWM8ezREEwXICdzPHKxD78,3LMg78Gwz7DzlGKbnwn9jcxQsMSfTbkdXx6NSUqmqydG8jvzqNX4lehTFTVU1pjO97GCMYCc7lAIEg
na1,DIAMOND,I,5KZ1jI73apIg53lLX5hwlT3Ad_eV-h0S3uYjbX4qRwCxWEL5,DYA2DYgD7cWTAdHIe-hKOBC6HwywJ6XrKPAKJW4o-Sb4jhYUiRqDxoMomoVoHzTUd4C2-A7ZNySi-g
na1,DIAMOND,I,Sjd09N7PiK3bXKBkc1rCzqYAC3lTemvy55_7JZfvesFNaw0p,mloobG29rkRBB2YNnzfwT7XIuuEQGvGAJ91RsboMlgmifhBI24heFDpo-9tgyGBveYHlEHZp0P3mzw
na1,DIAMOND,I,ICg_wi6P2Kab4r5wyOE9qVmrx0qbu79joUMw2j0XrLCuEblq,YF6DeziFSX5Fh60ioJBRk80u9SI4AQr5JK7u4d8MAxnnaHSNwhtFUafkJeLcgMThDdKnurLMcBVtvg
na1,DIAMOND,I,LVt-91u3u7P7AM7yDF45LmvUPKzOVrqf4E3gbEUTJdZxeOYV,3V-MoRUkgW5QbTjgAiB2mYyEVJMuUD2NL1c4iBVjmjsTfC5VRrgYcZo7LErH-Ekx6MpmC6ZvOqGNKw
na1,DIAMOND,II,BoUwIcR3NzkopeGIzvHopxE8I960QCSbpr1dPmfJ4vH25hJ_,lyG3bgroiuChWyDv3W3Txty8AqpDYl9MxTTznBB13ex94txQU1kYPl44IwsPeVmYOZpd0LVNf4LFAw
na1,DIAMOND,III,-LsI5K6YLGvtStkg3eYDUlnBBBw6ne5XOw3WFrINUXdE8ZAK,Lva7YEUSlUFzQRD-3b4sAeY1NCC5ePzmDwbNeZhGNW6nvI75RMtffvWOusLVFTF2_jZl2wG8W_WcXA
na1,DIAMOND,IV,kNfCXO3nvLkw4EYI69hz-eEuYWtdsP-aJpwgXqb65bSOH2iu,6jolRuT_6ZD-s0WXDUJArO4kvWModFh1hTrbTyLvrueyphVZHEJD8DIkwq6KclEWnTi5A8ySqtmH1g
kr,GOLD,I,clWzCiNgeKWjbwoxF3GpYl7nTd2klKPOL9c7iySAV5Dx3pnA,e5igSKi79zUD2awg6REaZ7v1PKxSWAcdka8k4x9YFfl7EIUTIFgOhaIO-0SVd2DR_0VJ3ZaR4amAFg
kr,GOLD,I,glW16s7RJv4pTlTAkJS5nHXNJM4iGCpVFrdHU45WOv1j-y7F,GKSM9tSrYqSowutuWbjJhz77btxulX4Upa50eH64JvjPEqIqM7wQ1FxFgMeHADCi3VRGfTDnbzqCUA
kr,GOLD,I,TloTH3ZU--JZ8hRDBJ2I54DwbdditjuGrjMyKYj3lDsgquLO,zVFC-M4NTeJkPH3Bkl2ys2Qj9c4ShhAMGpNN4vYO4W8iFmxyey61xEhpcLyN_w08CyfE1VbHMJkF8A
kr,GOLD,I,_kB66a_8MkqzyOFUq0ee-xU1CTbTr6MyKfq_xrLjbl_wnb5o,kNiThg4YvfvMnMMnaIKg_lZ92Bav4d8yW85f0HsjTttoUyJLhHTrM44uDH3SKcmm0FnvIOBWKouE3g
kr,GOLD,I,UVcseLL5OHiP9g_wekAm1LV6fxzg5BRyQtVLjxAwKv0iP5s,waD7nnQ3juhwXkYlNJCoaeQcooxN88hwC3ehTsyRwWGXyJ3eWnMFVbPOKY9YWOLeHOJuAzGjsqrFmg
kr,GOLD,I,Ldm8N1T6i_F3GNNpmiGNkczFI9p-MrPXz9TkGGHoJA0kMyQ,aKf_YRHBKtAMVjs3yvx9dmg-gNBGyt7AGtfU9kxUacIJ9RtFC-g4YD7KW93vAA71hdaJPNRcDT1xQw
kr,GOLD,I,ieOEJ0Tnog3WErqvqmCysP2Vs6uYeO9NK373QIZl79siLsc,CNFaCQvRduS04Wd3iNqkloMPjkc9GGIcBzQx5qs-vC9nvTKT_g9Qx5VvtN6qRPQsv_AzRoMQ0MOMgQ
kr,GOLD,I,fhSGATQNcvoJwQdsqmUSWJKT9eSwJiUCRdpK-GKGXhekzYpR,7reBOfm-75wMUkNTZyIYPn44bhOEzbOxqcJWK_kA1nAjkxUY7yqP2ISk5i85RqLdPUspn3D_LWqUhA
kr,GOLD,I,z80OatQHvUjeFafYCHsvKDTW3xHmsKEedAl_KCuneVlIBSAC,pdMdfX365Tplo_GcnIEqGKVG7M-GnBFn5n5kfH3YAHQPqc0wHy1sChz3urwXd_JRnE525ZXpm7DY2g
kr,GOLD,I,VcqS_ncU1QdonTwpxBYKlDBYrbEtzp-RJDgVzqRdhMNPGvSB,Th4jlZB_hhP6iV3t6m5HsLFaALjtFwMVDa9mxnXBCeKtnehkZCjobLVreJMcGwm4G2HgtXfEXFHdmQ
kr,GOLD,I,ZEdEOghRmbQijkJQ1kPAAmmSwULmISR6tkLbgETxzpCvLy5v,pTXgnvgl8v1RJQH1AfJ1aKOnpAd0OqFQnkkoWi7E0czXqes4la7xXk1fn1DpREGjMloLkAUWHSFLpg
kr,GOLD,I,w3vwxPEz28waQiuyKzWPqj-WEYzVEIZ6BP3xAHmtyFJrSBkv,WycHVkzns6znXmuVPq42Xn8FLZwjwfIrSCj1q3Y-dAdGYKGHsmOV0PeCezbbTny9dtqkH7ssMHZ5nA
kr,GOLD,I,Q4BE2Xv5d74YaOGloXsJGupawLvOOQBi5AHjLfZDtYiNYI8N,KsYxQoTRPpJn3YALBupP9jqebgdQY8Fygj0qqYYz78tg5uZQfzg6iAUNNzB5WrSJwK_A2ReiJgzAUw
kr,GOLD,I,tePrh2OOgCniMT6P2UGHK_vNkPZSTD6BoQPgQedmABHtOXR4,UC_m1_QnATAi_mhClSGWyOgA_SLJrDXdFma7VUVAaddIaYFTwy2jVEtoOcT84FR39G0hKhpYhHpUcg
kr,GOLD,I,Diw4aXhb8h-m1YcdXBv2OjXKcaCUWPWBhkRAVGqgSzucha0F,nERGKxDaVo1mj-ifk0InIteW6xyOPX-A_kKq2RVkZOoANeqIcn-brm_phhmRrY1lkeHwdRylQbg7zA
kr,GOLD,I,RTRe24zUJYGH94XsNApYFe8LeZ81imec-KzH7oWz4ks4wWa8,toVRKcWeUircyQM9ROmf1jLYSTBsZDzBF1xaNsedmVHK_J9z4lXly1GxzTO2xgDWhQ5jvnPWDZZuMg
kr,GOLD,I,DSy2sT4UxxBhVGwzTBqk_38ioUR63hKulFTHO8d-JkGXSmO-,NZmLgjPIVtZIT6G13SD3WxT4ZnBHjK-buvLCvCu6v5aYFcYESLWAXGQ8gXlRskvYMGzi-RTWwz3H4A
kr,GOLD,I,vUO3Kl32GYaWG9svfh044KuUM4skWvEgE6PhJvp3g1yu-VFZ,DwvZfZ2Er7xKSMNNlVIsiulYZEwRk7iVrfZBZOUJK-EIzetiPiCwND1D9R1RT-6--XQtuWSuDyIQWg
kr,GOLD,I,6nde8wiE0SkLjkGuMR4NrRwQRPWXIUOrepYBVl1L99mqeXzo,I_zS-TWPX6o-z44PzvP964G3gwaJi7VW-QrKbq7dl8SmPEE953rl5dPGutdEWGrkwuOl5QMbbcPq6Q
kr,GOLD,I,CLGHXcKe6wLiJc5fUYXYikNbADcCx7WLDBPzXBjbGAroUGo,fw3oOFcYy-DfZAu68aHK7b7cUzgBibCGOYXOx4GbITYAaVDi7-QFjIGZ7DwdVNfGt-LNqSgL1twr5Q
kr,GOLD,II,RPIuNCmjMR4pMj2AwlTn7vlHBuVhahKSBXZpBBNz9t3VKoG5,fPqQbSEMc6K0pFp-KQ581CxQHGQdhgKuBJVXNyPwpa7jX1FlDJZglMwXGDwwttt4q4bCqdFB5JqLRA
kr,GOLD,III,aym86c_XR0_EXfYZvpVHaOZsEb_qqVJtz77wKdzHuFUwogY5,WVTfd6pNiMO1EfvJo8yPb6eiDJc_YV6BZFPSzHDoQ4wc89ULh3nfNUXPF2AXQ24eXhh3HJQMxMdwwQ
kr,GOLD,IV,NdsXFtjGJWSKf08O9MEyfVFjfAxSdHU1zKeVgd2YZ9HnnSm5,n-8v0t2msWHmIjSxQSmmm2Wu9nsCvoagfcQxPN6WhHcBtwFSzM1NyMB8r0-UJm5m4ik8Z40Ewevtfw
kr,PLATINUM,I,DYVIHZKmdJrJ4ZTLmP1PwMdamXwzzXRc-bWm56Zotc0uOHNN,DD0vT6RZ-O99slP8SM19qgAMQ9KQ_gx2gKth2TCGTba8jvpN4lFwkQhkmnWOgg-ugP2-ARzEjB8FEg
kr,PLATINUM,I,6QMnjfDxk2lq22bC5qR0DbaGdTJNALhO4w0u8_prSB_nl1zi,becxgI6sadGQphv8WSaMtssFqJ7Op9p46q7njupQ-VgD5YA-g5JaJvl1S0wWX3vhyvh0vaomng35WQ
kr,PLATINUM,I,cB_sGocuEF6tG36A-7EknBVMHI-6hkXQEDurTobhWTOV9KcR,eVVwANqUqAPWHzCaOP2TjtW5GxDZ36G0YMQw_bRImjMYP8ibyk7O6jyxZwssgbHA-PWU-zsqBGMM5w
kr,PLATINUM,I,XwleI-NVwP4duR3_x_1OITZ3Y883SMrSfKUNtdS55x0_7_d-,i83DZZRr1E_yi19uG9rvkQs9KfX53UbSR2DOfvOzEbfMnEn45VzqcyB0Lrn1QZ2snvYKtY_fepSVTg
kr,PLATINUM,I,nlSJ2Ayui2xHd1_RMH2qJ6d7IqoudjmTZWeNvXxDvFbzS-xb,9JnRL3zKbBoMJxLKj5Wa0mb79zN_WCApzXHru38pz0VSXEhnmSjRgTNeTdj-nWl2K3Y1pClBiDAhbQ
kr,PLATINUM,I,qoI7bmQXuY6Rpb0i68OfqvQ6OVNodfdfGmxm1fwWD6S2ScG_,dkyhXrfgLfmBluefSuxYlmzoRc2z-O39GLlJcdHRRiXu9qn88FSfK-mmN4cdfU2URJggwxF2wJOATg
kr,PLATINUM,I,_Sn2zDQTYDgFDY_F0e4fSSOwinAtufYa2RU2Gn1q3KxLI2Qt,q4L1XpNDaRQyQqUhyhPO_uf6Ufq8WJM4IUGbX9hxO_pAQqIwDQLR3tjJw2P_Zhq5U-Tk5M1M48owxw
kr,PLATINUM,I,b8MsnLNBVt7Gbs2AkRhaVpvzmPtkTjOi8or-vdt3WbaF6JN3,-qqo5JJtH0upFegt7RNtqyc177VetpfdapLtPgtW59pWfnEM5GMptqCb5gRBU2CV7a-RTuCmI5DRGA
kr,PLATINUM,I,FlmbQbkgG4TnvD2a_T4uWuuqx9OgGoIcrStTA5EG7graCz8,QlHL-I4VcA2sjSHhrs8sY-AiChnFHnCQAHK8JskSpJof06glC6vBrkRSLLJYxewVw_m7cdyWysqCTA
kr,PLATINUM,I,4waFmKOJdWDeLJZcJC2giJ0EczcN8j5BeoOpRDivmBY55XE6,8WT7JVHSSwka4YRvGF4JetZvQu9YZPDpMVk8g04RNcwOXpFqhx3ezcrepH57myMRD0La07U59bq41Q
kr,PLATINUM,I,3OOmfMioCsCRgOY0rrYaouxGUnog95aNVPBD2P5SO1TqA3c4,2ruZB9f1B0fqrOCGRCV8tVUPU3wylDPyJMQD81GjKqizRlWzhflD0rZuH9jvHTZZGkjovW8L_A0qQw
kr,PLATINUM,I,0kWkBllyJWStKTiMWOOqAf-aIzggRxDPfRublj6Lk_X2gFY,gvFt2wIQ1lerpLEKsoMZWf07NY4lyDIM17PwgvxofuBSe8BXX2aCIHeoeWJaDRejbFFG5FifntTY_Q
kr,PLATINUM,I,xnFUsW2DK7YswzUHF8oenMSWBRMAF4R-ZkAOGGrdL-QLdwM,cic5QEmq5gOULzWPVAjAqYlsgTk3tXnBgTrbgXYkRyYlW8TmPp4PTMvGzorFCVOalmwsY_zskiiJow
kr,PLATINUM,I,1lUGEn2CuHfpjRqIEs47DIbSA0OOUWMsi24ZXSFuuhVWSerk,nBRJq9gubLaOOAAX62E314ZOlWHwn0f4UPnGgIMLHv4iPai8uwU7O4d3Dkm2cWKdxIP0TIh1EYHDaw
kr,PLATINUM,I,9gHlRTVbu8KXu0tzCf9F0DxoISqTPifHbL6ZPLLtt9bxlT4,UzXCoE25sTBwMFs-rp8B4xclV8NcUCuwSjXIQarfa6XrWAu2KioxpRIfHXT3F4IybciFVgC9WmSaSA
kr,PLATINUM,I,tCCu6NESyL83vQA9yB5zj5ipF9chYtDdaOeyGskpRGxcjXLz,F_3GSUjGwmhhKEGegen8An5MPoj5BPn45imuoTzXlYZjSQrxJZlyzGFC7ccNkx_kDYB3RiMLt9pzSQ
kr,PLATINUM,I,1iWvUf3dDx19tqVNoNgmjqy8abRxlQyh_JzXhgwXkPQ4zfY,_RqAzxJrIZzXiZmB2fvP_rxpinC4ZD_HfQ4Y-2qY5tN4BUgWTXQnM4YJzjQ6h7M1hNTUgTPPuzmefQ
kr,PLATINUM,I,uCsvktCT9hiQlJbFstGXi9PMjYjYMIZXHsgwk-K11QOD-JpX,JIF4NfVZQQUuINQMr-Q9eV6Qh_mLwCOE3ltPBGQH-7OEMrxsaZI4GN7H0PMwan0lEVM2mva52CJ91A
kr,PLATINUM,I,tK7OhNjKKOlwH1AGaLQUdI767Qpo9gFZR5nj-8M-PD_WJPk,Ow9xt0C3dK8alNXsO5Uq1G0NOSG7udpVUgevcKAenHE-40dYosJ5Xmt3jwlxzwcNppZuIPr8zdSIyA
kr,PLATINUM,I,9e7rYH-JvHoiUSYFA3dcgcYp-8hSWyrMqvdCHFa8meEW24Wn,u204k6oXd7NrkHa2SmU-u1sTwFKsu995b6pZHIQj8xkpt2hDykf4s6xFTv30tGIQXK7FvK6za2kKtQ
kr,PLATINUM,II,vjfXb4ihM6b15LxQohNkF8lMfxoz0qyH52Be7C5X0p-wIzBw,9m05vpGWWILAa1RZMX6VGA2nYlQCCiCDO_NT4dAvlIzKw0ikl0NmensQZNJ_sRjW4HF8eq1xR0XNvQ
kr,PLATINUM,III,fTUnXHRV7j5eR2DOWmrCJBty0VTBfIH4tL0Ggwt6CA2Ng4JY,whWU4CDgyN4ssyW59k1xYWKiCtI7ugde7wVSG-8wZ43GsdEcZ1pONgbz-H9wjOz4qc8vX8iuKmT7_A
kr,PLATINUM,IV,re7FsGS9LcKmQau9wyaa6HjxGDP6hn_ZLdU9xek2MoGlDbQl,wPUUmNMF9OwjN9etBCmYIa4eG0AAfEqZfBY6FuCpU5fVCLL_a-TSOQda5MpP03esJpl7eibU4G42-g
kr,EMERALD,I,eQolBYMGQyskAZkQkpCH71Vcp6MQ_79_OAWjYpqmOR6R_NZJ,gMkFTRiwBeRKKUGo-psQGrtfoYSR2bx1FySwh8ouiI__vrwR__kTV6s-RdnKQ7qx3Pb55qoNloK5Nw
kr,EMERALD,I,wAG_7dH9gWtj05tQ2CvsOO7u-XYdpJ7pnW32gsBx0NT9xWQZ,qbRWjapN4Ga1Ek_BwIjEGSzXEB5mJaA9Wut9i97xDPkMGI8z6DZXLt09VB8qlY1QuuY9cLZNtxYvOA
kr,EMERALD,I,CtDMo5zpLhc3QmlQStiwm5cd9orsEtF91UClb1_DX8Oj4Bwl,4_SX0loBcVDFe3_JXv_SMet2F6CfpS_QOuIjXppY_bcodxFJ1Fnbc6H6YH0uUU9ejFr2cJPMYUYM1Q
kr,EMERALD,I,8k2xZIGUluLc8ZKkfE4v6pxJMcCnXL94maALb0qhKhzFYNUE,dQErFZcDfkpINbRN-aleyL-jTV4pyhfXmKMHWA0DGSR5kaysDYnwsx6oLfCTQIlQtB5g-DQCUo3Lrw
kr,EMERALD,I,U6X-Q1vLFEIrk1kRzpfAS6-L30I3OfHaXTU4PD_7y5mCZcrg,WW2Y7MmBVfDIDnmRiQAfx7ir1bTxz62098Bi0658U2xlrVYSHcPQOgRiOwNjqiLeVGQl1-TBBTPUJg
kr,EMERALD,I,2Q782Az3KRYoZFGgffYw3ai1DXMwV1-kZwDqu4jBQ4CORic,BGMuIi0qS-1nFssbptmGH76oLAAYuEfQYdyiWhdaDlgppRJQfL-pdSSURUFMI3ciVt2i4rCxu-KdVg
kr,EMERALD,I,vtruEyyJkjg0p9lRrJBso4aoEkAKsyHwx5koD2SfqmRSycX6,2yNAGqEUlhIAM4oewai89OQImBYSpu57WDdRQwq6LM9MQCXPjDUIPtbSiAKoVSghWe0Z373VoU7Rgg
kr,EMERALD,I,d6bdb-lGl0ZqQPTWtwydRf9-Lac2wfewp8b4D4grCheC5Bzs,RsKsZZow0izv2HmxeOR56fTLk5nTS9vM2CM-Kn9cI-ccWOf9pQsGR4wQo1W0L-kEnz-0mS5r8uiMXA
kr,EMERALD,I,dKWMsY9HTDLttwK9hw-43F5gULm1uBEggpP2j0zkpKGIGBHj,IBD8O6SE0pEPUDhmxk7dHVbNFqoUPMJTRHDMPw5m1X4apiJnQZEshQ8O2aWnMPyRmHpRZHl3BCJDuQ
kr,EMERALD,I,XZ5EUvYtlpHKK8sAyx6nhv_wj_rqd_LF1PYJFtoT2hGWxUY,5F6u_J7g-x-Ej77zvGube9r7MeyBDzBVF11HPdX4LWAf2FscK3FZDG6TrgBsiEX0kTMZC307wkPPTw
kr,EMERALD,I,ZIUYoJcAd9wkZcdZ494UZXyNKQXF6nLuVPUT7zOoTE6veUNS,WamHej1ArEtvRMNP74uOZn_IUTGzLWgoR3cx2AS23xFRlmkuctbctzUjRYhObQWEyS-K7s2Wz_o--g
kr,EMERALD,I,gc5rANK_wz4ZCIjip9Vvu9vdxG1mcSLSL4R9cqKMZYmsulfX,z_7c6QrakoIk99OlKjZ9f1BmZGkjG7PbC73gOgvFm5aZwzW2svpYquNdp2-6G82N-lgrT_nZRF7ugA
kr,EMERALD,I,nVzT5jWppd5hAg3x1OWP9j8Ull-DCgdKPwnZW8h_Q39RncnI,Gqo-NMHBpoqrCKmDvWhp-ptS0ZBlU4HErLqwFWdLkKzPJ_F18f6kJFTfidMs8Z1w_tkgvy89LujvAg
kr,EMERALD,I,5YpJBzo8qsA58Fun8y0SDNs92o0kZH9eQvr2tyWQhDKR6dNo,VWrauNHsANuOZwiwg34WEY70I28m_zyqiLib-UMsHBAakk5nJ7BS16OoVwGVCZ9J7Uie7cbr-15S3w
kr,EMERALD,I,cJGLzGk8Yyo-wQtZHMAFInNlqkwSs3bOMRpkL-n5yq1Rg9Zr,8NR9AeTqL0E_Y2jdYhGsLJu87K5vXXFwSndLNZHZ_nVWZvlp65bhQDWmRRQ1UfeOd9-AXM-2Jcw9MQ
kr,EMERALD,I,iFFblKpTAcdIL55bJ59F4f3-tUDLtmJkDxzeWQNMIBZNhyE,4DxbDdPHVAbStpTYC6rFQQrnemui5ZYsmF9jJvCQ40owxiJSRxxVn7Ua7CWmlP2hsVt7eZjMOfHxBQ
kr,EMERALD,I,590yk8NFgkEmpzjA92aKSUtDrSGezwUsZRNfI4LFrtibEdw,zAlK0CHlQfGOO9GoFyqVJYxbiJr9PSqJwLZKK79ZBokMhxzKp2fG_4CJv2iZqthHdctU0hgBfzXAXA
kr,EMERALD,I,D1I9dusPtK2a-ltDXs6SxISX9hVIO49W7-RgjvvHr2ZqVqk,U6bWX61S8o5aBZHFGh8w5GAsimD4Ja6XM2Cm930uez6jtJmaHI1B6sbz3rcr17ry5opRrF3LZM-3LA
kr,EMERALD,I,Ws0QE85nP8jyUfNZz71GD8ab7gadFrTZxwr3U9P1bMhGaXaL,JHVtHXDiMHjZLprnY_ni-qu6-MeYn7gnZYrMUo7DBJRHwElZXZNWXsJecTj_luV12oRbdyTSls8OyA
kr,EMERALD,I,KZSC4PR8flL61s1USAfCQsMHpxf4KDz5W71zBOHLLLCHn2yX,wsxTUdP9j8-mR0FonbQkkJqYYvk71fp1Hf8-rFydBxdjCHHhow0-66acK506IEGWturhDOToh81jfA
kr,EMERALD,II,LdJY6Qm0TFvWp8BSiKpIBn3w2Tb5zjmSECeT3beCNPYSPkQH,53GUXTPY9eH_28Q8Ro7eXliGWrfKyI-iaUimACJDcVEeouvFAwAkdcFIBhtBJ-lnYUvdSPSrV_jM5A
kr,EMERALD,III,OUa7i3dUazbobu8-mrEcP6d0ckcAtl7RG3zqbEIR5kBKqXyo,ZLXq1gpKJiVQYnn99ka_CrOvLlOF3I2OtAZf2Sxn5uG6QsVpV3Cs-n9OEjOxMdIRoxVjHxo9X2HLAw
kr,EMERALD,IV,sA1EVOY4z-iTEwKu62w1zAeL2UKCUXP9MfvN7uNgTbXRyr7h,VDrJTpvTRNehuwBRPW-Vg2_JXpu67puDjpSg0biCIU7psK1SRPQ25uVAqTfxfrVZF_6cxXzX6GLfHw
kr,DIAMOND,I,dwXHO52-wwmKJ306_yKaWNKMOsYQDmtiVHX_AfEe67Rygpw8,wq30I2_YhHHiGjxc7agd3j9oOZSEptuX0gsy11H30zuYTpm7-3CwuOWKR7n5gjtOclY5mvhff73S_g
kr,DIAMOND,I,1KBxyxaFBFVU2FlBB95O7y32wdvrdqd9HbTs3RsjMYCp-Js9,_9HzeBOFVWf1et_YzSN8AmxNpuelGYiyEysqaFQsruT0zpAAigcb3cpca-W3rBuLZlvUC_RdQ5pj-Q
kr,DIAMOND,I,OupX1eghlk2uGaXpvz9PP5ejHxWE8Ee2-3pq-PHkf_Q8Nfu8,PjVDoQdq9BOUuYj1BDuEqKSabtTSp68MFI-WTztZMlP6qR4Ia6B9JKGasRkjMDSXJdrUxUh2R49m-g
kr,DIAMOND,I,hr0yNe3q0ApddgfdBaotK8ramWY1i7XG9MplEtQ4OSDjfPs,9LnhrEjBca8kMdRIlzNPq6gqLtmJzVNyC4IjtTELcaLiJvdTH-7ankWFwacbWSNvR6w4ejlYID1e2A
kr,DIAMOND,I,QukJIIAsB3SkhSwvB0SCwvaPm6toOMmglKkxER0GMviH99E,dV6mMiHObwpLZ7mD6W3-rMWOwF50E6qAN6iofBNzP0ojIciSxVAKQgOoOOvBROe8_QuwIFqxGy_7lQ
kr,DIAMOND,I,fwLydLu7fU4c8eJRZFr0arUOEnpXJzOl8lWGTT714c6ZIYro,JSpSwl3yWsgUKW4Nx37dCfNAGXv3lkgx5rAihvq9LbnbY43l3fIR_4vP3qq4Vv5Ed7tBmcaXBkw6sg
kr,DIAMOND,I,nJN1fQjKdo9TAQB3T6Teb0zQMtDPZ9SWdBMZlB1ZG1cWRCg,6jVggtADwJlTS1rPwZi4XyqYpHcN77pHMHgQTI20BffJh1qwrS_LzrjTuDtDTJtpcpF6wiIg1bxTRQ
kr,DIAMOND,I,BQ-ZUqh0Oe4wM6A-1aAVGk4kK_UHPcZqAfVLrb7HmCHQEdwE,ly_FdGajwUyYS85SrPZeyMZN6JnYMHwQ7QaVyn8uzrpOE-yFqz4K_2rcPjYRY_UZwm7ZchYt0N6MOw
kr,DIAMOND,I,cuTcsgR5kX2cbZICjBpDY3lkR9sBgqcdxw8U3CUsMjbS9J3V,_CrfunPzumGYKr58shkyUmteZ2DpbQYIf0iEQa2G3ue2eOU3f1sZNrCxlenS_tBrjdvi4ExkGhGI3g
kr,DIAMOND,I,PbMtRVU7XhOFb-lb3y8vSepl-8LpEq6VGRpKotCmrZKdQiFu,ambOyhOqvHXiNnexj3_fdr_2-DscV9lvWqT4JBIrBpKwIgZCGjP0ooAepjruK6tlnBTF6kLJkPUEKw
kr,DIAMOND,I,mLs0V8qMuHRU7IPdAvbOJsVaJzYRgehwnjc7mwBd3ZbNqJiL,X4LKlMYzsbvz79iZpD2ZH7JbN-lX9lXXKSHIiANy8UCpyZ_PbLz6I_khLgM8m6pbpuaSTQGnY6gxyw
kr,DIAMOND,I,h2TcIAW862t6BE4onGLK4qCtKg45P8X4eCV5EAl6vGADJgjq,jVwUrkL5F5KLmJ2E2UXrryuNfIY6S09ZGajiNE7h7aNUNKi6zCrAEGf9JnZFuOv7zAZ2ueffmweUPQ
kr,DIAMOND,I,0ZmNbUB0oivBPZ-gk6p5-nTSgJYuRb9kKGZic39TDX_Qxm0W,tLKSfZqakE8w60nJ04au2E7h8lNazSspnFaKa-9el7Y0Hw2mD8x3w7qDrxYTS_Sa4tqFcn86GKmXjg
kr,DIAMOND,I,Y2nrLR1M4qsJIxeM7Ch3nrayd_42Kb7nDxiVrpmMScsYBnM,_te-tmkvHs7zk46Lc1E1etFknQ1yeEFcw8KpD_rDhhEWVDGMghJ0q_AVU9mEiX7jjAOap7oTLLckCA
kr,DIAMOND,I,ovPe9w1Apo77PC5HcrOU0yJSTiQ3VqM9f6Tz0emCyYhwQ29O,AtPcE1CZ4KTu4YxyWi2U_ucQ8-ty0ZtBC26vtarA4WRlP7H8uI8VoY8vZHr1aYi7YF2OZj7vRyu22A
kr,DIAMOND,I,x6V0ayMmRFyh02_oV8_84ZAyLH-PSUGfCBYDleACQ1iE16mt,YXg8webIeRLSLKf1i_2z4XHzJ9eaD44Dsw0jLdB1jMxvE5Oh8IkomsmGnc8X-WzPhY9JcWYpMep61g
kr,DIAMOND,I,HfQBL6gZC_KKgaMyBD_nqLvfiX9x1xBjDZsLNXwrltGQkSjv,mTiEWc_UAiQ46-Ahw0iJ3eJh8ocp5YyDGkP0GPEgAPLqrrBLZzI4sVK5TzM1WE790f0RJTDVm8LQug
kr,DIAMOND,I,bA5QFdPfhtxjqEroJPNbUBdG55jMTgZQ5fSiDLeUC9Y41wCo,6FXABv_WbDeopgoz0VPjvmiVZPrH6kKNc2mRUh73IIdd9r5O8oniy3-akhs07Dmg40ZxpV3PxTZ9Sw
kr,DIAMOND,I,vU65vZQlErurIuLkKQw9o3iRgCXIQoGAmW6D6BUPvyzncMxB,kcnhGAu1bs7R64g1f3cVth_Jq_GZTmW_xWpaVDoZnh1H7A_kQzIrgqXipHQZ20LLGWbkDzaRza848A
kr,DIAMOND,I,2OOIRDh3TUOvhp5YgwhYbLPM-TamvT0B2-I_hXtI0bACutU,gYOWpJ7QoP_ivVAJK-3YAwZiAc2BA_7H6BdXWkykr7s1eoKdIjElp-sBu_F-CpFAS4lYDBY6euNZag
kr,DIAMOND,II,4H4Z-WW0crvlcinCSXLKMdOcz7H_X221mOxxNytn7t95MhBc,Od1aVrc6kgirqm2c5Jaki79ddIf1Lj3T50EMEXd0HjDI9mDXlL-14gsYoDW9WzPSf8fBZ2jt7RiVCw
kr,DIAMOND,III,qPbB_HCfG8RB-m_LzXA_S1_PosBuPxXNocwyWR2rfolQkl9W,wVloRos3mf2gKfopod2UIavzbsrBAQKCjNi3vhHFpFgAeDoWYslPQsErMjYlmtTA8kHxrsKHUj-5qA
kr,DIAMOND,IV,T8OlJWDBOVkvTrv2cLBTxUYdLzA5cADivykbhrDL96FUF1A,caLVNj_CR2qWpvu_Lvdoajx14-eJFw16GOh2pjU-tyqce3gY259ZlxTxzCDOeB23Ldb0rrq_iTi7Gg
eun1,GOLD,I,FUnoLFEHFleQVPz0DTc4qY_kEOEucHE80eYnL0f1HTDs,nGFtMAkcmT0Syfg6QG_udmdBRbX40f_oXSRlaqIcse8F6b2K83KePBSZWUKabbTkf5yOnQS5ZSqLJw
eun1,GOLD,I,crJf8d0CBn40U79wYvPAHS9ZAxi4qTF1B6uUyh06PCg7,SL-Q4syb2_3axXoOw-2oN9kYuDt6lc8XaoA2pZ5ZEnWCVyowdYYlSCHgvgVPyeOZyszUCNfe_0F0XQ
eun1,GOLD,I,9VpK8VjcA6Jq3HiNakfD6iWGkwYQvgtzcCdE66aqoLSV,l_4jAr0CuQhB1O2oPyPKhkhk4o6wDybIno0XBnl-PrTJynYDwTFsDWVBTGMD72fvH_X3d1dXoyH7LA
eun1,GOLD,I,9nwFtoZ4mXaVtYkh1A4YfkX_GSI1sIPjzCaHfb9Xk7X_0-w,o9Zyj6S3CFEqUFmlHpZ98hQeUOYFiMnUsJfkLp41eh2ls6e7Y39hJbtuAymzC648E0WGqqMDDSFXxA
eun1,GOLD,I,X8oTg1K16JnF0fGcDKsRszkqQokvpHnoVLAODewVD2R0i7g,U-eO4n74VjsNICKE_LzI7oA6zk-BpsNUixhGd6MgYylM5KjGp3o-AJnxq45WhbRb3oV1f98uwR1SSQ
eun1,GOLD,I,WonxUITob_k4d36h6aA2Io_l0Rp_YCJbjxNZfdNsTKGvF8o,IHVB-DCJALQCLSgEzUrByoSWYe7iqJkpZL4SE-WeFF95ntvK3c177-iL4H2q64G6FoxPMP_jVGqx8w
eun1,GOLD,I,VuXPSX5rRYPCiHtr0Hm5L1oBJEC3SB9cFBh4A2whgXDM9oM,lWs36MX78qGwlOthlheDgmVXDri9u0_fZka80i3bYUF7LujbJtoJ0Qd466it68mp89srM6SMoah2Rw
eun1,GOLD,I,CkTSZqfqgfxSUNWHnkGO53nWaH3wS_-K5tSPD5JuutPrXzQ,XOroFF7Gd2E3XKXP22UySIVcXMq9ueI9SWFN35JMrL6iMwBegiOu-nXjlGKfvEg0NYqNe5r_Cumm4w
eun1,GOLD,I,YH8S73mz2o8NCUAJ8zNKtWqX6NjlWapO7dRZO9yke3rkVQE,NMwFYRMZbxigFxPC2ByTIRNl2X90If_O9bt3gcMOGKLOyG7Qa_T57YLPYg3SFgjU5GprPPgmfDeXmQ
eun1,GOLD,I,3rRQWCmMCBXuvO-CrqhDi-DiD1ytR-DNvzi0D4HySSUyN1M,flD4nPpPwCKXsTeAS7Cb8Cc3HU2KTB8BbPOMk1RRVy_nT4_rxOdRjLrTmwo0c_axEritRKT-tcj_hw
eun1,GOLD,I,MNXrjqPwvJrEMIMpxhWPawseETl35F9jea7YKtcbquo4YBM,kCMvi88uZ26xMElN8dq8nZ-RcGVVnJW-PqvgdgZU6Kg9Mo3AipsDHIQsHekDbrG5NAyUUL36PyCUpg
eun1,GOLD,I,NCpKVnu4mNfMCtFGdcRxsaTs61qzs1ATsH71OxlHR440t_U,7S-9csxNLq2FZhpTzHRxcqQmsy_qTnp-W4xuZX7HQ5MfQMS89esNHZmqTJrYiLLGPpF_ofVdfRfv2w
eun1,GOLD,I,lt0b56dLLIjUmJZMuHNPO4dfGRz_fzOL1mGXx27vJPv5MzA,EmiU1tu2rsyLmCpMbldtcDs__zJihV48PGhJM2KgPEzh742FDyCM7u9Q_pYxvZgmTNwDeAE2dc_Uvg
eun1,GOLD,I,Vs7q7D9r33ylrhoVMVOqEOVQverDWbFFCx3Au0Y6-1q5P7k,1pikuVddpMPY-SHx2SqlZCk4xaV6Pnq6S7yrjHN1OK44c-TCyF76xHM4T9qe29pJDXN6ptkaDTo0OA
eun1,GOLD,I,oZ4mG-3uduHU7YCecDN5iLsOwinHNihHKxun-zsSwY7ya0A,-_WUaqacdW3mdsZbe8wvCbzYsJzNFZ4nEf_2TFM7ZVCnFg8lSOqGVbc_czvYCIcqPnbBJMWo3tKBLA
eun1,GOLD,I,9cAZkQOKF5BGBdt-ryK6rE-KN5dkI-51b7E_pBlNRz2iidc,shIT0Cy5M4OsdZFiR8mfTpXIJe88zqJ0gueQcHIpJMi7zY1-RwAzYgHK7nBBUDYzEFfxPHYgoZgSVQ
eun1,GOLD,I,q5kIvKbImDgPkkkBfaGJb5IIu86SdWd_mYWaaO7j_Urfuus,OrRl6SD9Lcl1r-kTn8cJDnUPE9kWlxvPHTgHCMkE8fNEdGyZ07zKfTrFvIbvRcL7ryBG1ocr3aLJpg
eun1,GOLD,I,XUdXhYbvOp0EOahmQFCXjH24zB3TfRXzEI7JpDO_Cqdava4,6c_aP1qJW8O3SG2XU8XWf77C9mmHKP0GwBGkTEqLLyyG1Kfyyv0hpAvhwSwybOvhiu6LmylVqUu3aQ
eun1,GOLD,I,_nJadrU1-pMVQGWxSoz1Vxig8EfZuR2bBf-zzEbsmzLAfqQ,X1m74AEEF9pccf3bMA3gWs165n-9xohQccD4yun0WYtTzLfNiwVmCfKYVq_4RQTbV6malcNKOpB7hg
eun1,GOLD,I,nuFgOkzE0WnYjoprMVv0lVjkiLADZuzftGk7y4t3yyHJvqw,yRysXhWxeJ6fa-HDfxLOSwOtwztac_LGghsNzyeQ-kPNFKyt2RCCVNhjrVrR0f2DOVeR2aopUsmOpQ
eun1,GOLD,II,uCzJapZo3orJ305P3NVZ0fzKh1JcaemfTjXHvsKqvsze,OWSoRKshg7ysm8Ol8GcnOYXVXHJyBr_36wFt1zlxA03-owxcXD0gXmdTvoeFnOCO06q-Cca1G2I8oA
eun1,GOLD,III,1_zSgkPbVwuOc1_Nu6yrZqKNtgathP1dm6SVBTWdlmZN,8GNDK2DBuEWLxnVHbApYyAEzpf9lug3a4nY-5yXGcaF72pwWomSut2ktaXQ1h1LaI5aEEZ1O-hckAQ
eun1,GOLD,IV,yJCVugCHX5ZEDQ_yd_29OCeEdhpcstOiTHH3rZsxBNa7,VJ4YLtiLHaPH9Fe2Tf9QDFZzRLxOA33yobet-US-9CynyrFrBFBrq-NQyTBM3mhGI6y9-tSd6Px13w
eun1,PLATINUM,I,Aga3GlaAy_IWt8pCHc7etx6cgpaV4oM6U6Mrc6ajuv0,MFlUkIPBFoVzc6wdGx5EH_xmmw-QaDzoEgtf_R0ZqpJZMjm2D8Uf2cX0mYLVocP7ms2hzDYU4jWI2A
eun1,PLATINUM,I,uIRv3xgHAUH_kyH1Z-IjF4No3JuiffKRa6Tpwzgs-rgb,jSM9vONMiEFihARXslDv3cW-4TGNU3lgP-NVnSuQj229Y2iTP5jhzhRkuwNvN19y7nluw9eodhWOrg
eun1,PLATINUM,I,D1IBpEt0oQJfmPpRfEzpV0_N6IVXXic94SN9eJ5dKCXG,saj2hZ1nYMSaMteyT4drtDHG4-DhNQnylY076AdOvlIxe-3m-XVwV0QFAs5FUAinzxCXN68LqgiypA
eun1,PLATINUM,I,k-LRse_kzaNMjjhZ8ihiHBOPj8l9lqRrhoGrNTTbdhz5,b-p7FY6EjkVSbUT4f7AwzjJ_Btnsg2V4_SmuFELK9z_v_NKTjuiRN14n9SNLBfd43ekBIWT4Xxfc7w
eun1,PLATINUM,I,XZxMWjgA5U4aOVb9_UJjga7aGyLSwD4-pyyCZ8lfhU3zyAo,Qa6QPR7YcbXzBDelPlclKlWab15qhq8_f-0Vm4nDrY1BqSVDZ4ecSDgC83NS11U9ZWBZwxhlFpux6Q
eun1,PLATINUM,I,x9DY1xDX7967J3CUOsM3eKllsNoLJJtRoWRQ3-27cwAmoK4,wL1unWOdnaA_81UWbo0NjNqVw35ivYeyXXFv3jE88-Hh1Bpd1pecT5EwVjQsSo5EStmgJAKOZjWVWw
eun1,PLATINUM,I,M23ddU_ZWiWUsW1zVLUYXlekw6yS0FfqqnTO2pJxKNbiOPk,-J66r0B7HbByxj5tDF7vvz_lYexhlOHVWHqc2ygQJQqtpNreSfmNkBzT3R2OIL9AFl5IhbjFG5jXUg
eun1,PLATINUM,I,x4ARbcfeoohEo4D4BDWFu7ZByIzuL6SHYeqGP3ij_NMO-fY,YKKm_0du2NAw2onCRlnl8iT4iyeHcHd-Ret-kHOWmc6JnOgFo62FJX5Fi2QIyY6mEwg_9PJciBxD2g
eun1,PLATINUM,I,Wx9FozJzuBNn--kOHHmm75RNatWDXWrqi9T7KRNirVYwjrU,CiadGRxp5BVmuafl2JeT15iKKqfmtI1B9ELBK8uy3E5QurqobWB92HAd9QnXBeaEMXCmIleFXYutEg
eun1,PLATINUM,I,imd3eeYkwxoCDCKqAPhS5JiWIX51ToYAC73XFno65RAjU3Q,23-hTJQUkA6JfmQcwZY7pUEDbS_dheWbeTI0CSTqGyBMy9MPg-teX9F_yPWy_sMCrkY7fpN2BEhOBg
eun1,PLATINUM,I,0UaN7v0wwX9wRZlJmKYZbB-DmbkxVQze8DqXQ77qFbQg2fM,KuX-R0BdOIBGwHc9VQa6UVa8fBJQ2h_q2sZu5XCGrcEaMY4vAyP_FhbI3ZPWk5xiLRP7JXz5OIKbLQ
eun1,PLATINUM,I,kRhreerAQvOwxrujwnn-ADPctyDZukiNXY-S35fwKITDAxI,neH7_OQyjnJiwk6pC4Kn0zIAql3DbCyThz3zU2qeJ3NB26fevWwFozmA4tVVT0LCfBX1u5QiNRe7Bg
eun1,PLATINUM,I,5XRB1i08z8UK_Eojjsa0FZRXDiPCApWXUFrYNAcvAipoAIA,CSNoBSzl_prAi8EohL9buVtLT3xpnGt8WJscEJSizaWomInCtaTyGbIDW47d2IXTSAE8d3asuUqZew
eun1,PLATINUM,I,N5TIGxx-b6-SQ3d9FrDh3SZGMdG1mgDpXO-wRLxKKVgHASQ,GjWhU6U5E0Dyr2Z3dnLSeURgjY7zJo6HhZEDHs0De_GlImkJecP-GUNFq4cSSJu8oCPgFntqK1bkEQ
eun1,PLATINUM,I,tCCHhAZRBp_6Z1onCEvVfvtbiCFNu0XFa-aeJzcVy2QQW28,VgZMQUQvjE4wsKY6RmIsWiVxR6pymhkeUBPh1uXVYomo6MVtpAdPF-YLAkQj9ryrDBQdf7yXrSJQ8w
eun1,PLATINUM,I,gpymZxmznRHpqxbIXFXDQNkHL3eiUvib4YDr_DkFc4dsYFg,8SjVVROJ3A_-thWz6b8h13Knad3OFggyh9D7Do8ASIRrNOHl061zldV8lU8VVylNj9aJMrPQv5MpFA
eun1,PLATINUM,I,uieHwAhEXhQL3OU0pA_oNMRNHcb4OYDuPSV9uEiBRY_Dz9g,nTWWUE9Z5Ow4UIlJw-WVuugAWyhWqUdovPyjM8zsEz61t2u-dSaIOIDFq6xIC6fpXcmvVDJO3hvtlA
eun1,PLATINUM,I,iE5RQ_Qbfw3Sotou95oWXrsbe5i6Bzo51tYppx3fHwOgoRs,mJv2k6Tzdjp1GTCdJblL3B5Y7QlbI-XzPHMlH_ZDUJJ9jbXWNb9zUwDcmUyN0I6ChhLh1_ybUAIu9w
eun1,PLATINUM,I,fUKSU4FJ2m-R8-H25xD1Fxi-gkhPsUqReD7YyyPYZZHAP6s,AOxaOjd2XT0b6jKvGcR-TO3No1cn01LT8t5QYWDY_eseLeyWFhYSHlZwsuBJmsfTg_qBvj3uRFrr1w
eun1,PLATINUM,I,C2NQ8PLw7-oui_ksw7oCKkUwR6fOIH1nk07h8UjSfzgb4-c,kTT8xQZQXVXPgusqmws5UBbqPdcWE15nupqFBcjB5kEBcnR0FGxNV-DPVEgNAhexrE7V3xG7k4de-g
eun1,PLATINUM,II,iaYQCESEr812vlwRwdwPGGDcmpyY0KCvG0zsexVqSEo2,XOazOQOwCNpdlVhVKRzmoUe1WVSQHll8vTcpBWDon9rc0n7iS6l5lR2e7cS4WzxCUd4fqw-6B_Jzig
eun1,PLATINUM,III,YaOsiJdJp4VUd5dExApN51_0ioxJNN-4fohEeMWw6A-v,SYy6WlVGVIbiUFHU7Ia-huovMU8D2H0CsDwpsN4SBFJyQpqV_eWeKdEHfX2zR-D7uUAXoiJ_kdXRHw
eun1,PLATINUM,IV,sjG8tEJKxjzWjslR4p_H0mlVPOBzh0I2yk62yGQ9sFDY,0PLHR_kIKa_lMPU8DSe7bwXdyRZyUVnm5eZkaQqAIM1OOv8kacB-_nM8b0mB3jePLWNYkXwpqvULEg
eun1,EMERALD,I,etYPGb2-51j4H23HaekuNWqU1v5xrqmc-rAR-aK-WbAi,TAkrzjD6rv3nN0sHp9XgZ5NQSh-XlblFcrCSQDdUpHhveYI4X5tb0J0-z33fbSlp23y8jmv2slagmQ
eun1,EMERALD,I,Iix9IVmKVpIjj_XelvDZWwYXAhwmuBqcZ-iljjgDn5IM,2aUwL6Cq4T3idICx8j19sqba6TvDrGBz_8y2vB-amPT274RgwndiFQ1jQJ6TS9xCyluiXZIbhXBLrA
eun1,EMERALD,I,xnDKEkW-cMd58q71Z-P4FwNEcQQAFBfVQNya7WcKprOG,LhbMuIgIfRF9Lu_j8r2CLvyWaiXDyHDTTl2m2hu422KWeQyMD2jvmgx_rNZyQEksGcT9mV5MBBTC6g
eun1,EMERALD,I,totdG5x_znmcgebKmmSXwuA4ublPrhPLHu9mcX5iJ9Tb,TRePgEj0icGyBaOGAeX50VnBg6CZhoHRAem_On4joUZsIEIEcao3c6fROtVPN6ce1Bqb-YgTqRvjJw
eun1,EMERALD,I,zm-qfwW4bURYmOer_rjbhsebrU9keGxdQTV4V6XojSdl,ywtr5LWD2pLS7eEsxuz0F1BZ1c-qXSZ1lfg0bqbIoAJFeDKBa3IYH6AHBpWC9M-47V_2UPonDAOEKA
eun1,EMERALD,I,3ecLhcHqhUqVavgnQWW5pE8q9oJ7DMzDPY3mOzhSWL1K,-EcgCCc0MPxKn88rRfqGE2aMkm_LwQo70RFAxyMV9X8mSnfdOqha-XYvkGjsJ07BSuqDk7oG4DhV6Q
eun1,EMERALD,I,oZj7gaCS1RT5M6RDgHW7OO-EYq7FrpUuV3CfvGPVV0bb,aQYX0EX5DbJfd4bwjJA-7hdTt7SV5PnYsAljAn9GkkfbJVU_IUehndmwjbtPujT1C2ElVzTvYDC2YQ
eun1,EMERALD,I,Mio607M1jqh57JlgUG0MNmW0M8-2_qm7Z9YAKQPy31xf,xaWZ_donA4y_KAXc6Yr3XlRX-QJWgENSLBY7t3qHqqLzTdaLKWMzPg4GBE-EFO3MdojzUoV59eZ26w
eun1,EMERALD,I,gTRLYyTEK2StFlNRGg4E3cIae1KBWu_8hs3Kl_jP02Bw,dRkPN16LKiBdtI_eFlbQp1zVk9yxMNnYjl7X46NJifKSSbJtHU-c1TsBwkBR4Mwj_O2r82tF6Kk2WQ
eun1,EMERALD,I,3J7aYWCbWC-4E2ZdbeRC91HF7xUoy2BauzNl-ObN3DF-i9g,TxKUUn_ZnsA88hJHkRVXyOxwdUSRvm29hT04SdxhpjLEx0k5IkJhIv1niLxOY0JrkGkn-XAg1pSLlA
eun1,EMERALD,I,G-S9OqZrn6CbzWLgrehWPd5AJvHhquCVpuC--1qMaEW3EL0,zrFAsCBxs3NdgLJtpZ47cSotiDikco8XtZo7ljKrWjwPq-xezgRkN451tu2eiKtUU9HFSqOAlT-7ug
eun1,EMERALD,I,hKidqOmXYqjSkNNaxHN94QpuSxXoqGO33RvDFyu5a67veWQ,LpzESDyCxwcCjUDhnOIiQiZoXeB96xmCHZ1IGkwDcQVI5FjBUWVbiAtmiuz-dhik9botmyjj_tTwIg
eun1,EMERALD,I,1k1UZ9oFd1PLe3UAulBCjIOWeSBHR2xundOfT8NIuTE0O6o,ski5vidbumu2CqBPuUceKUCxhAAcPRqUNDC3uv5AqY7DcfZFJPhOGtqPVkHXHsLuGyU5G0x8PJWMtQ
eun1,EMERALD,I,zR-xl7hvOaTGrKw2acCaQJ9VVxNsYMTEX9OVPSFDVTxmAxY,ULgiGhHvE43i1iwb1RJNwfKtEwI1UPDskqMdGOzzlLrk2ZmAPjsq0SHEYpTdo8_-nx3s5yRUeQOPLg
eun1,EMERALD,I,6RZCRa7wZxC_swd7mLOOYe1_RFz9hebduVT5sDr53Uq5aEA,BhkJD9vAa7sQZ-sdKiEJ6VxarWlUj-_rbStwmIF5Qohb7OzSf-lwaaLxCsjX8cCA3DOxeBobMlQaRg
eun1,EMERALD,I,Dc-fIq3-4AkpQp6yca6-tXfYZIdUrRTvUFV7xtypduz4upo,OS8rG1RlAwKDDd2T7X8cMc2e3qAsIFm0ah22aSktdSSYgUvW_9UHzmXvhuGVPq1KVncUSlqThVI4qA
eun1,EMERALD,I,RqI72GiDHVSbII8uTNJfrvwHatLky0NvBp22OM034IsOu5A,Lf5pBJiU4WcSiTNfAAWuZXCZ2prqylRV_ox2AeG0DNkVtiHNkjh3YezRVioVNqrnSDBSdK7K2oGdlg
eun1,EMERALD,I,t7H2SdK5hCREkX2fUo05JjN-6I3gvynu4I6yJpMUkEn0AZU,DtG5grXnJP1zlk34kHprj3GxUj5IoN3YKvlcM1QUxvsoVD8utsUL8KABSxEY3yQWv41lKOB94KYjnQ
eun1,EMERALD,I,ZzFO2mR2-EyRG9Q9hHi3ha-F9PaxHDDbMnM2Tdsx7_uBfcY,FCkEPepPB-b-8QAy0NyqxkJ7_Ph8f4NPOrK3HRLHJnBFklSw0eFJNs0VnOPlnIkaqEOm48s7WNmd4w
eun1,EMERALD,I,Y8naiMjPoRosVKEtuRi6tdvOLrKXIo9cknMEin9as4Oq3go,Ln6DNXBE22E_NadhMpOhY1hkAPaoOEDWynDhn_YaufT5j9UzLQNdquiz1U-obVTAv2wUNJSPph9DaQ
eun1,EMERALD,II,lpPmpC0h9Pb8VHBLD2wq83jmeUMu4nHuerzrq041x5n4,IbW3fUrS08xY9OWswDh0Jp3XwkOVf6pN88tI8OVrwvD2vltCe01HcOU4RMz9bznP7om-lJ2Zs4Jutg
eun1,EMERALD,III,6yIxty06X732bWBumwfNSnWqxBNECR74JAJGhMCZroTL,ahYV5ccQNgNdNab59eeIkj4VrxKwYcETUDnE8qSRnXTWV58sHrW4Ho7QMi9oYpw2_xQy3poh7N7pJg
eun1,EMERALD,IV,LuO3l2NcS9c6aQPUK7YbHwnyGtRF4eQY6YqYsDp7N1bu,m7TFdxU821BI8QiFx3v-vscfQxNRWHuAzNVfGhO3QBca_DV3DhqR5TyHkQjUqexo9naQknz_9jowcA
eun1,DIAMOND,I,rv7nU87vsTgV2FkQMqzbxpBWDe4dSELJGGBJGwD6-1KI,mc6h1_jS-pa9ffBO4CwsP9AI_Jdxqos1WFJpyEHKufQzAwwvgAQi9nBubAkXynbZuW_4hH7uAg16cg
eun1,DIAMOND,I,zkDJ6FwGYwxhbA1AEBmbQR5iTUpFSYR_zN0HH_fiahveqoM,mr-Nhj4E0BYV2KtmiQUVCFCGtxWCkVvLNbMuyLXi95RZBN-AS5j4KR1WZ821IeT8-TRPJbJc_krxdg
eun1,DIAMOND,I,dRmBL1QccRMuNRg06Fpc6fgfuVo6Pg-8LxeBDZrAiTPasUI,WPHlTvEFASkE-H3p0Sk8nq8DzykeCZWxWMEvxvffXyhMlZxSt-DebLZT8K4fQR8eK3tcJbQT258zog
eun1,DIAMOND,I,OjwoPlf3ffTDv8p551cExRVB4UxN3iB5Sdt6JwPO2Bk13ic,llzeFAyAwq5hjUR3TpHUxeckq8AEEXg3HzA5NBy9_ahM30Pwf9GJWKfbDusfsU55OBwYYOkjWvjHJg
eun1,DIAMOND,I,McqtfMltousMXXoyDSE2kAuMgGZXXtu29OMLkOPSZD3Ucd4,vWRF6Hw_h9kE3tADx810tP1ny4PVJyDUi-52Y7TAvHTwLkYew9Gnj59V1zvIxVVS9zdyW7wyHGZQTA
eun1,DIAMOND,I,JtWi5GeYGkQ3DrOQRTQibTuApRUmHG_TnioqMkFKYweGlpw,9ovvO59bY-jk7tavAmzPn020mbylDnxydF6Ha_zWkL7lepspHMNHD6W42VS9q8S10ZET8OWrWBa-kA
eun1,DIAMOND,I,_Sd60BVmcVhnIYHIxYzRInKSVOWwwuwgYLblxvQpF8Ar55k,veRA_MCYPnOYW_owN_UtjdfkcvieD5X3mDPZ0iJiHQtzyUDTyhrsJX2SxZbsoJAtxyxXVAJakkfdTg
eun1,DIAMOND,I,-MPB5VfGFk1knNUeJv8-lw9UxRE-zo31On7fQCh1p4caqyU,XxCZSQ4ugjuJS4GeKNNXKLmpJn3nqy7aaM_w54_GjSoBRdoOornycTp_DmJ56llNd4QNgMPXEbZ4Ww
eun1,DIAMOND,I,qCv6nQONaizCLTPMGJtojzghLw6shmi7NnSCi3wY5vtxX28,j9uMtAyhqktqhh-GUR6Mxxq97RHkXop3mxN91qYxDKhN_ueHJy8w5XduLRX417M-_nyd2kYJq0VLpQ
eun1,DIAMOND,I,0a_MWdfd76nzesFwoQWGISXNiOWh6-WfD8vR7jczIxDcMq0,SW3s4bRGJBmV3nbWgh2XiWqLB15Pt1FvLNBzuBxdyOU90tHi9HiUitjxTNDYvnr7XGx2eSsaYzTAjA
eun1,DIAMOND,I,QSDXNpnDEt3lUCKUkiDFAG6riOj_gguxhd8PZum84FW_UaY,xr9jAKAWXtu8xAYTsoz3YFVZm6YyDoImfh-D5RXBKpnBlxZD5TDh6DTFLANRA01lXcGGHC2X-MpB6g
eun1,DIAMOND,I,laAHntaa7pQOQ-Wc0cRBxM1ZbqFsw6hZmqfl1ANwQrLUSC8,eeEedohjeeYCoJeZ0CHnrLeQ-UTlPstXMUIj1t_i_Z7N7EK3CUvkySPzIgY5K2yjggV4zNbUgkJbiw
eun1,DIAMOND,I,K2nsAdBSPQwYR75ufep-Jwp3e7HPE0yWuakDchF-HZkrORQ,PDJbrTQLCzKIPQdhZy1hzwzNe2L_kMCWLgR3u8xRZFY3tC78aUz2L575Stf2cuMq-beAfrAqERPZdA
eun1,DIAMOND,I,pBxR7dShZwlTFa3vIA-QzzWc2Y07Fy9GT_7f-bKGcGlleTE,mFgqBDBc5mMwOSz5bjZIxGFkqehWXPsgzr8zN3eenJFLsXoq2F8gkpve6hCBRmZUBkS2C0akHI-Wzg
eun1,DIAMOND,I,xNAM9-9JqRjMsTCuCy-94JEwIwgk_ayu-CcqhMKOsEFoqUM,XIbvBqzQjS4iQhpuvKi0bpNanJ_6luiXPgWJtAE-hPWSQRGMAqlMtD4yVpU_WlNMrAvRMLGsTGTi3Q
eun1,DIAMOND,I,Ex3XpOSB2rN9cr8Dc9Z3yuxqQ3-2SnanqgGmUge5jgKJOBM,5nqd108VEVszQUYa0yrs0dufQJRaOIFbKdDeIAihcbK6cl9aYAkkCPpKUrJ328t6x7Qrl0AO4MXhow
eun1,DIAMOND,I,sRc_zjtJscka3FwUxInIw2J3djqtGitIQmQGb_gBQWs2CVQ,485Wn4COeMn22QcFWDwIk_8ygoIScVamZ5QBXO1yx2ZWilPb91j3lr2mysFCJLhEG7XMUfbVn2t4MQ
eun1,DIAMOND,I,Jp-mns_Gz9XPyp3oP7vvExx7qrxuSxYhD9Z3DPTEWNAdbR0,hUuZ8k41Zq-q6JVPEuPNKNWfSVxl78VvP6uWgC2BnpBnDMbu5ptHYjxfuZtkv4QV0Gm2yhWkJiByuQ
eun1,DIAMOND,I,CgQ-c2dRgNvP0sDFfOCb73UajrMvkH4mS3xxmZoXsLVtMhU,n-QbbgEdtN24aezDk4j2hwEaXOfAFfHjIHVzmuAnazeH5xrmqQkJvIcOjUZRTRAr3wSFDGpOnqPK7A
eun1,DIAMOND,I,ydOQP0l7YMLxzlpTUjI_2Hy2Rl_WWU1plaunt8F9yD5ji1s,96hLyAvx9AWgXt_Gvot0iuHxAELzOHQsRB07zT01x7RSQm2IxKPYFMpD4GKBDindFaXb-BdMHJ8VCw
eun1,DIAMOND,II,tw5N5-hg9WmXTArzNbPuhokRcPSIuxknLwVdNN6lYDX5,UEwxceE0XknBuGBB6OzgbeN0OcG4Nk4eJqM22UXAisl1-Lo2ThjdUDtzriKVrw4s1ewOUsd7sS_wWA
eun1,DIAMOND,III,uuGSOMQGYklwJO6vKYl-QXwy8ltzWLF8FSXaHUKfo0PP,sm8nCaaip1apmC73bkacLLjjrGsxpMqKieV7Npygf5PCseczxL3ibdj0ZFj1n-hmCr0dIcEJfJyoiw
eun1,DIAMOND,IV,754PRFVe_Y3dkauZvxdGE_DHGUrNFCzBfRKCkZi8iTBlZz4,EVjmi7WoLJo6Z290qSwszl1K_Gegv7Tu3ztNAr9hPi9qwZw9cZyhHIpVC6zo_86OzBXeRGBlGJSUPQ
